Customer_ID,Activity_Month,Tenure_Months,Monthly_Data_GB,Monthly_Voice_Minutes,Monthly_SMS,International_Minutes,Roaming_Usage_GB,Average_Call_Duration,Network_Downtime_Minutes,Dropped_Call_Rate,Network_Quality_Score,Service_Quality_Score,Customer_Satisfaction_Score,Monthly_Charge,Additional_Charges,Discount,Tax,Total_Monthly_Bill,Payment_Delay_Days,Missed_Payments,Outstanding_Balance,Customer_Service_Calls,Technical_Support_Tickets,Complaint_Count,Competitor_Available,Competitor_Name,Competitor_Price_Difference,Competitor_Promotion,Competitor_Service_Rating,Port_Out_Intent,Churn_Status,Network_Downtime_Outlier
NXT-100001,2024-03-01,0,5.99,127.20,122.00,0.00,0.00,6.56,11.50,0.0048,79.30,60.50,46.60,71.50,4.28,0.00,5.36,81.14,8,0,0.00,0,0,0,Yes,"AirLink Mobile",9.57,No,4.20,No,Active,0
NXT-100001,2024-04-01,1,21.34,387.40,0.00,0.00,0.00,3.04,35.20,0.0064,78.90,56.50,43.50,71.50,4.69,0.00,5.36,81.55,15,0,0.00,1,0,0,Yes,"Globacom Prime",-3.82,Yes,3.90,No,Active,0
NXT-100001,2024-05-01,2,5.48,198.90,74.00,0.00,0.00,2.60,29.50,0.0362,NULL,65.90,58.20,71.50,2.32,0.00,5.36,79.18,0,0,0.00,0,0,0,Yes,"Globacom Prime",5.20,Yes,2.50,No,Active,0
NXT-100001,2024-06-01,3,24.64,133.80,122.00,0.00,0.00,4.46,154.70,0.0101,76.90,55.00,44.20,71.50,0.00,10.00,5.36,NULL,2,0,0.00,1,0,0,Yes,"Zenith Connect",-12.86,No,NULL,No,Active,0
NXT-100001,2024-07-01,4,11.19,242.00,7.00,0.00,0.00,3.07,124.60,0.0212,70.20,63.00,51.40,71.50,0.63,0.00,5.36,77.49,1,0,0.00,0,0,0,Yes,"Zenith Connect",-10.02,No,4.40,No,Active,0
NXT-100001,2024-08-01,5,17.83,288.40,80.00,0.00,0.00,1.72,1.20,0.0061,76.90,68.30,45.60,71.50,1.64,0.00,5.36,78.50,9,0,0.00,1,0,0,Yes,"Globacom Prime",-0.32,No,3.10,No,Active,0
NXT-100001,2024-09-01,6,14.14,310.60,126.00,0.00,0.00,1.95,1.20,0.0175,75.60,66.80,46.40,71.50,0.88,0.00,5.36,77.74,1,0,0.00,1,1,0,Yes,"AirLink Mobile",-4.24,No,3.40,No,Active,0
NXT-100001,2024-10-01,7,17.22,157.60,171.00,0.00,0.00,5.68,33.20,0.0278,71.40,58.20,48.50,71.50,9.41,0.00,5.36,86.27,15,0,NULL,0,0,0,Yes,MTN-X,11.51,No,4.60,No,Active,0
NXT-100001,2024-11-01,8,12.01,82.10,65.00,0.00,0.00,4.27,38.60,0.0163,79.00,71.10,49.80,71.50,9.29,5.00,5.36,81.15,0,0,0.00,0,1,0,Yes,"Globacom Prime",NULL,Yes,4.70,No,Active,0
NXT-100001,2024-12-01,9,16.09,327.00,0.00,0.00,0.00,2.73,149.50,0.0089,72.50,60.10,48.80,71.50,0.17,0.00,5.36,77.03,4,0,0.00,1,0,0,Yes,"AirLink Mobile",-13.94,Yes,3.40,No,Active,0
NXT-100001,2025-01-01,10,8.47,170.10,65.00,0.00,0.00,2.66,227.90,0.0207,79.60,56.00,47.70,71.50,7.24,0.00,5.36,NULL,2,0,0.00,0,0,0,Yes,"Globacom Prime",3.74,No,4.30,No,Active,0
NXT-100001,2025-02-01,11,10.02,82.90,68.00,0.00,0.00,4.23,61.90,0.0200,81.80,63.50,41.50,71.50,2.07,5.00,5.36,73.93,4,0,0.00,0,0,1,Yes,"Globacom Prime",13.98,No,4.60,No,Active,0
NXT-100001,2025-03-01,12,4.13,102.20,68.00,0.00,0.00,5.24,4.40,0.0233,72.50,72.90,57.00,71.50,2.64,0.00,5.36,79.50,1,0,0.00,0,0,0,Yes,"Zenith Connect",-5.05,No,4.10,No,Active,0
NXT-100001,2025-04-01,13,14.45,232.30,65.00,0.00,0.00,5.83,37.50,0.0092,67.80,51.50,33.00,71.50,0.99,0.00,5.36,77.85,5,0,0.00,0,0,0,Yes,"Globacom Prime",13.69,No,3.90,No,Active,0
NXT-100001,2025-05-01,14,3.68,349.50,105.00,0.00,0.00,6.06,7.00,0.0134,84.20,75.50,60.70,71.50,6.82,0.00,5.36,83.68,1,0,0.00,0,0,1,Yes,"9Wave Telecom",-11.60,No,3.90,No,Active,0
NXT-100001,2025-06-01,15,26.29,375.80,62.00,0.00,0.00,2.93,28.70,0.0158,63.30,50.50,50.10,71.50,9.72,0.00,5.36,86.58,0,0,0.00,0,0,0,Yes,"9Wave Telecom",8.76,No,4.80,No,ACTIVE,0
NXT-100001,2025-07-01,16,8.05,349.60,0.00,0.00,0.00,4.56,38.50,0.0085,70.50,59.90,47.00,71.50,0.00,0.00,5.36,76.86,22,0,0.00,2,1,0,Yes,"Zenith Connect",-7.73,Yes,3.30,No,Active,0
NXT-100001,2025-08-01,17,13.10,283.10,0.00,0.00,0.00,5.69,8.40,0.0367,71.40,56.10,48.50,71.50,8.07,5.00,5.36,79.93,6,0,0.00,0,0,0,Yes,"Zenith Connect",-13.85,No,3.00,No,Active,0
NXT-100001,2025-09-01,18,4.61,231.20,29.00,0.00,0.00,3.08,7.90,0.0343,70.90,64.70,53.90,71.50,0.00,0.00,5.36,76.86,0,0,0.00,0,0,0,Yes,MTN-X,-6.12,No,4.50,No,Active,0
NXT-100001,2025-10-01,19,4.18,72.00,192.00,0.00,0.00,4.22,28.20,0.0311,77.90,57.30,34.10,71.50,4.38,0.00,5.36,81.24,6,0,0.00,0,0,0,Yes,"AirLink Mobile",16.13,Yes,4.00,No,Active,0
NXT-100001,2025-11-01,20,1.73,164.40,42.00,0.00,0.00,2.56,23.00,0.0365,62.90,56.90,38.80,71.50,0.00,5.00,5.36,71.86,1,0,0.00,0,0,0,Yes,"Globacom Prime",-5.30,No,4.30,No,Active,0
NXT-100001,2025-12-01,21,10.28,249.00,37.00,0.00,0.00,2.85,16.80,0.0234,70.30,59.80,51.00,71.50,3.04,0.00,5.36,79.90,0,0,0.00,0,0,0,Yes,MTN-X,3.71,No,2.80,No,Active,0
NXT-100002,2023-06-01,0,12.96,247.20,12.00,0.00,0.00,5.07,145.40,0.0259,79.50,71.10,63.30,43.50,4.56,5.00,3.26,46.32,0,0,0.00,1,1,0,Yes,"Zenith Connect",7.41,No,2.90,No,Active,0
NXT-100002,2023-07-01,1,9.24,245.00,89.00,0.00,0.00,5.02,1.30,0.0131,85.70,87.00,69.10,43.50,0.27,0.00,3.26,47.03,1,0,0.00,0,0,0,Yes,"Zenith Connect",-5.79,No,3.10,Yes,Active,0
NXT-100002,2023-08-01,2,16.46,269.10,191.00,0.00,0.00,3.58,54.60,0.0123,90.00,85.60,74.80,43.50,12.51,0.00,3.26,59.27,0,0,0.00,0,0,0,Yes,MTN-X,13.61,No,4.70,No,Active,0
NXT-100002,2023-09-01,3,16.56,201.00,85.00,0.00,0.00,1.23,33.10,0.0072,94.60,82.10,68.30,43.50,13.60,0.00,3.26,60.36,0,0,0.00,1,0,0,Yes,MTN-X,8.31,Yes,3.70,No,Active,0
NXT-100002,2023-10-01,4,1.81,265.70,143.00,0.00,0.00,2.87,65.20,0.0153,89.10,77.50,67.10,43.50,11.52,0.00,3.26,58.28,0,0,0.00,0,0,0,Yes,"Globacom Prime",3.12,Yes,4.70,No,active,0
NXT-100002,2023-11-01,5,14.99,237.10,16.00,0.00,0.00,7.57,72.10,0.0107,91.90,79.70,70.00,43.50,13.16,0.00,3.26,59.92,0,0,0.00,0,0,0,Yes,"Zenith Connect",-3.76,No,4.30,No,Active,0
NXT-100002,2023-12-01,6,13.52,199.20,42.00,0.00,0.00,5.05,30.40,0.0029,89.00,77.10,61.00,43.50,7.78,0.00,3.26,54.54,2,0,0.00,0,0,1,Yes,"Globacom Prime",-11.55,No,2.70,No,Active,0
NXT-100002,2024-01-01,7,13.14,206.80,0.00,0.00,0.00,3.40,27.10,0.0039,97.30,92.10,77.30,43.50,4.26,0.00,3.26,51.02,1,0,0.00,0,0,0,Yes,MTN-X,5.13,No,3.70,No,Active,0
NXT-100002,2024-02-01,8,6.22,147.20,186.00,0.00,0.00,2.97,11.60,0.0074,93.10,84.10,68.70,43.50,5.45,0.00,3.26,NULL,0,0,0.00,1,0,0,Yes,"Globacom Prime",16.55,Yes,4.30,No,Active,0
NXT-100002,2024-03-01,9,31.59,496.20,68.00,0.00,0.00,3.54,3.10,0.0023,95.90,84.40,78.00,43.50,12.73,0.00,3.26,59.49,0,0,0.00,1,0,0,Yes,"Globacom Prime",NULL,Yes,3.20,No,Active,0
NXT-100002,2024-04-01,10,14.18,244.50,106.00,0.00,0.00,0.71,0.80,0.0035,90.00,82.80,75.10,43.50,6.34,0.00,3.26,53.10,0,0,0.00,0,0,0,Yes,"9Wave Telecom",17.16,No,2.90,Yes,Active,0
NXT-100002,2024-05-01,11,5.66,181.90,90.00,0.00,0.00,4.22,20.60,0.0049,87.10,77.30,71.80,43.50,5.08,0.00,3.26,51.84,2,0,0.00,0,0,0,Yes,"AirLink Mobile",3.94,Yes,4.50,No,Active,0
NXT-100002,2024-06-01,12,5.30,292.30,31.00,0.00,0.00,0.53,2.70,0.0006,97.70,93.00,79.50,43.50,3.97,0.00,3.26,50.73,2,0,0.00,1,0,0,Yes,"Zenith Connect",4.00,No,2.70,No,Active,0
NXT-100002,2024-07-01,13,12.90,156.40,85.00,0.00,0.00,4.09,25.40,0.0074,92.00,63.10,68.20,43.50,0.00,0.00,3.26,46.76,1,0,0.00,0,0,0,Yes,"9Wave Telecom",19.80,No,4.40,No,Active,0
NXT-100002,2024-08-01,14,18.91,185.90,79.00,0.00,0.00,3.75,42.70,0.0021,98.30,86.30,76.10,43.50,5.17,0.00,3.26,51.93,3,0,0.00,0,0,0,Yes,"Globacom Prime",8.62,No,3.00,No,Active,0
NXT-100002,2024-09-01,15,15.89,274.60,81.00,0.00,0.00,4.46,17.70,0.0216,84.20,74.90,60.90,43.50,0.00,0.00,3.26,46.76,1,0,0.00,0,0,0,Yes,"Zenith Connect",-13.30,No,4.10,No,Active,0
NXT-100002,2024-10-01,16,6.45,141.50,112.00,0.00,0.00,4.17,2.10,0.0008,98.80,78.40,65.30,43.50,2.40,0.00,3.26,49.16,0,0,0.00,0,0,0,Yes,"Globacom Prime",17.77,Yes,2.80,No,Active,0
NXT-100002,2024-11-01,17,2.04,390.70,167.00,0.00,0.00,3.25,19.10,0.0007,97.80,83.20,63.90,43.50,10.25,0.00,3.26,57.01,5,0,0.00,1,1,0,Yes,"9Wave Telecom",7.03,No,2.50,No,Active,0
NXT-100002,2024-12-01,18,9.68,49.20,0.00,0.00,0.00,4.18,9.00,0.0050,91.60,76.00,65.70,43.50,12.25,0.00,3.26,59.01,1,0,0.00,0,0,0,Yes,"AirLink Mobile",17.65,No,3.30,No,Active,0
NXT-100002,2025-01-01,19,12.37,190.10,99.00,0.00,0.00,4.17,32.80,0.0031,92.70,80.30,66.30,43.50,0.71,0.00,3.26,47.47,6,0,0.00,0,0,0,Yes,MTN-X,4.47,Yes,4.40,Yes,Active,0
NXT-100002,2025-02-01,20,20.66,385.10,26.00,0.00,0.00,4.33,0.70,0.0225,81.60,75.70,76.70,43.50,0.00,0.00,3.26,46.76,0,0,0.00,0,1,0,Yes,"Zenith Connect",-5.53,No,3.20,No,Active,0
NXT-100002,2025-03-01,21,16.49,138.20,0.00,0.00,0.00,2.66,9.60,0.0026,97.40,78.10,75.70,43.50,8.35,0.00,3.26,55.11,0,0,0.00,0,1,0,Yes,MTN-X,12.93,No,3.40,No,Active,0
NXT-100002,2025-04-01,22,7.60,145.40,51.00,0.00,0.00,2.10,3.70,0.0036,92.70,89.30,73.60,43.50,14.21,0.00,3.26,60.97,3,0,0.00,0,0,1,Yes,"AirLink Mobile",18.79,No,2.80,No,Active,0
NXT-100002,2025-05-01,23,15.44,90.50,51.00,0.00,0.00,3.40,5.30,0.0186,82.20,74.00,78.40,43.50,0.00,15.00,3.26,31.76,0,0,0.00,1,0,0,Yes,"Zenith Connect",9.99,No,3.00,No,Active,0
NXT-100002,2025-06-01,24,9.32,260.50,19.00,0.00,0.00,2.57,1.70,0.0037,96.50,80.80,68.60,43.50,7.18,0.00,3.26,53.94,1,0,0.00,0,0,0,Yes,"Globacom Prime",-9.20,No,4.80,No,Active,0
NXT-100002,2025-07-01,25,19.87,321.40,72.00,0.00,0.00,3.25,35.10,0.0024,94.20,82.50,69.90,43.50,0.00,0.00,3.26,46.76,0,0,0.00,0,0,0,Yes,"Globacom Prime",-5.85,No,2.80,No,Active,0
NXT-100002,2025-08-01,26,9.69,238.20,134.00,0.00,0.00,2.43,37.40,0.0057,94.80,78.50,68.60,43.50,0.00,0.00,3.26,46.76,0,0,0.00,0,1,1,Yes,MTN-X,3.83,Yes,3.20,Yes,Active,0
NXT-100002,2025-09-01,27,12.97,173.70,0.00,0.00,0.00,5.47,22.60,0.0134,89.70,71.70,57.10,43.50,0.00,0.00,3.26,46.76,1,0,0.00,1,0,0,Yes,"Globacom Prime",6.50,No,3.30,No,Active,0
NXT-100002,2025-10-01,28,9.43,114.20,29.00,0.00,0.00,1.43,68.80,0.0132,90.90,76.00,64.10,43.50,0.05,0.00,3.26,46.81,5,0,0.00,0,0,0,Yes,"9Wave Telecom",18.33,No,4.30,No,Active,0
NXT-100002,2025-11-01,29,4.49,250.90,20.00,0.00,0.00,5.99,38.30,0.0052,96.40,84.70,76.20,43.50,3.69,0.00,3.26,50.45,1,0,NULL,0,0,0,Yes,"Zenith Connect",-2.97,No,3.80,No,Active,0
NXT-100002,2025-12-01,30,10.17,208.90,32.00,0.00,0.00,2.73,55.40,0.0128,90.90,85.60,76.30,43.50,0.00,0.00,3.26,46.76,2,0,0.00,0,0,0,Yes,"Globacom Prime",9.15,Yes,3.70,No,Active,0
NXT-100003,2023-12-01,0,10.91,279.30,41.00,0.00,0.00,5.89,41.10,0.0559,59.90,62.10,NULL,43.50,1.91,0.00,3.26,48.67,0,0,0.00,0,0,0,Yes,MTN-X,-0.15,Yes,3.30,No,Active,0
NXT-100003,2024-01-01,1,8.84,177.10,91.00,0.00,0.00,2.27,6.90,0.0202,57.70,54.90,74.30,43.50,1.68,10.00,3.26,38.44,1,0,0.00,0,0,0,Yes,"AirLink Mobile",17.69,No,4.80,No,Active,0
NXT-100003,2024-02-01,2,7.70,171.70,129.00,0.00,0.00,2.89,45.50,0.0174,62.30,78.40,NULL,43.50,1.48,0.00,3.26,48.24,0,0,0.00,0,0,0,Yes,"AirLink Mobile",0.92,No,2.90,No,Active,0
NXT-100003,2024-03-01,3,0.62,398.90,44.00,0.00,0.00,4.48,46.80,0.0238,55.70,74.10,86.00,43.50,0.00,0.00,3.26,46.76,1,0,0.00,0,0,0,Yes,MTN-X,7.09,No,3.20,No,Active,0
NXT-100003,2024-04-01,4,0.00,264.00,135.00,0.00,0.00,1.62,55.90,0.0237,65.00,62.20,63.20,43.50,0.67,5.00,3.26,42.43,1,0,0.00,0,0,0,Yes,"AirLink Mobile",-10.04,Yes,3.50,No,Active,0
NXT-100003,2024-05-01,5,11.20,162.30,132.00,0.00,0.00,0.50,17.30,0.0432,64.20,68.20,77.90,43.50,4.22,0.00,3.26,50.98,3,0,0.00,1,0,0,Yes,"9Wave Telecom",10.81,No,2.50,No,Active,0
NXT-100003,2024-06-01,6,1.33,296.90,22.00,0.00,0.00,5.42,22.80,0.0272,69.20,76.30,86.40,43.50,9.02,0.00,3.26,55.78,1,0,0.00,1,0,0,Yes,MTN-X,-8.37,No,3.00,Yes,Active,0
NXT-100003,2024-07-01,7,20.75,136.30,50.00,0.00,0.00,8.41,63.10,0.0088,62.80,62.30,83.50,43.50,1.32,0.00,3.26,48.08,1,0,0.00,0,0,0,Yes,"Zenith Connect",-2.75,No,2.80,No,Active,0
NXT-100003,2024-08-01,8,3.03,409.50,116.00,0.00,0.00,3.55,47.50,0.0291,60.60,75.30,80.50,43.50,0.00,15.00,3.26,31.76,4,0,0.00,0,0,0,Yes,"AirLink Mobile",12.35,No,3.90,No,Active,0
NXT-100003,2024-09-01,9,20.53,213.80,139.00,0.00,0.00,5.54,47.00,0.0512,61.40,71.80,83.50,43.50,2.75,0.00,3.26,49.51,1,0,0.00,0,0,0,Yes,"Globacom Prime",12.06,No,4.70,No,Active,0
NXT-100003,2024-10-01,10,13.89,144.80,49.00,0.00,0.00,2.70,109.30,0.0250,61.60,67.30,83.10,43.50,3.28,0.00,3.26,50.04,1,0,0.00,0,0,0,Yes,"Zenith Connect",-12.55,Yes,3.20,No,Active,0
NXT-100003,2024-11-01,11,29.42,221.30,127.00,0.00,0.00,5.08,5.30,0.0192,58.30,79.60,75.30,43.50,2.11,0.00,3.26,48.87,0,0,0.00,0,0,0,Yes,"AirLink Mobile",-3.82,No,2.80,No,Active,0
NXT-100003,2024-12-01,12,10.00,272.30,120.00,0.00,0.00,5.34,16.30,0.0573,58.90,76.40,71.60,43.50,0.00,0.00,3.26,46.76,0,0,0.00,1,1,0,Yes,"Zenith Connect",-4.73,Yes,2.80,No,Active,0
NXT-100003,2025-01-01,13,6.06,149.60,165.00,0.00,0.00,2.23,47.10,0.0368,68.40,72.90,75.30,43.50,9.80,15.00,3.26,41.56,5,0,0.00,1,0,0,Yes,"Zenith Connect",2.04,No,3.60,No,Active,0
NXT-100003,2025-02-01,14,15.39,306.70,68.00,0.00,0.00,7.90,26.30,0.0390,55.10,57.90,70.30,43.50,13.38,0.00,3.26,60.14,0,0,0.00,0,0,0,Yes,"9Wave Telecom",-5.76,No,3.20,No,Active,0
NXT-100003,2025-03-01,15,19.02,163.70,10.00,0.00,0.00,4.79,21.60,0.0266,65.60,76.40,81.30,43.50,13.41,0.00,3.26,60.17,1,0,0.00,0,0,0,Yes,"Zenith Connect",2.63,Yes,3.00,No,Active,0
NXT-100003,2025-04-01,16,4.15,220.20,63.00,0.00,0.00,4.23,7.30,0.0451,58.20,59.90,69.60,43.50,9.92,0.00,3.26,56.68,0,0,0.00,0,0,0,Yes,"Zenith Connect",-12.76,No,4.10,No,Active,0
NXT-100003,2025-05-01,17,22.78,214.80,0.00,0.00,0.00,6.76,34.70,0.0358,59.10,70.90,70.90,43.50,1.24,0.00,3.26,48.00,1,0,0.00,1,1,0,Yes,"9Wave Telecom",-0.27,No,NULL,Yes,Active,0
NXT-100003,2025-06-01,18,12.59,226.10,124.00,0.00,0.00,1.24,9.40,0.0329,61.20,70.00,66.40,43.50,5.89,0.00,3.26,52.65,1,0,0.00,0,0,0,Yes,MTN-X,-7.57,Yes,3.90,No,Active,0
NXT-100003,2025-07-01,19,14.99,141.60,57.00,0.00,0.00,4.10,79.80,0.0099,63.80,69.00,82.80,43.50,9.22,0.00,3.26,55.98,0,0,0.00,1,0,0,Yes,MTN-X,-3.60,No,3.10,No,Active,0
NXT-100003,2025-08-01,20,0.00,264.80,59.00,0.00,0.00,2.21,92.40,0.0181,67.30,75.30,67.80,43.50,0.00,0.00,3.26,46.76,5,0,0.00,0,0,0,Yes,"9Wave Telecom",-5.54,Yes,2.70,No,Active,0
NXT-100003,2025-09-01,21,1.56,342.10,78.00,0.00,0.00,5.84,0.20,0.0458,62.80,70.00,74.00,43.50,0.56,0.00,3.26,47.32,2,0,0.00,0,0,0,Yes,"AirLink Mobile",11.62,No,4.20,No,Active,0
NXT-100003,2025-10-01,22,11.49,137.50,101.00,0.00,0.00,5.89,0.20,0.0513,57.80,71.90,79.30,43.50,5.76,0.00,3.26,52.52,4,0,0.00,0,0,0,Yes,MTN-X,7.92,No,4.40,No,Active,0
NXT-100003,2025-11-01,23,9.58,338.40,59.00,0.00,0.00,3.99,28.60,0.0309,60.40,70.20,70.10,43.50,4.09,0.00,3.26,50.85,5,0,0.00,0,0,0,Yes,MTN-X,-11.95,Yes,3.30,No,Active,0
NXT-100003,2025-12-01,24,18.92,266.70,118.00,0.00,0.00,2.95,9.20,0.0446,59.10,69.80,70.10,43.50,3.20,0.00,3.26,49.96,0,0,0.00,0,0,0,Yes,"Zenith Connect",6.33,No,3.50,No,Active,0
NXT-100004,2023-12-01,0,10.38,343.60,123.00,0.00,0.00,2.19,13.20,0.0677,48.20,79.00,98.10,44.50,10.38,0.00,3.34,58.22,3,0,0.00,0,0,0,Yes,MTN-X,-0.32,Yes,4.30,No,Active,0
NXT-100004,2024-01-01,1,6.47,166.20,28.00,0.00,0.00,4.14,101.10,0.0475,58.60,84.20,98.20,44.50,0.00,0.00,3.34,47.84,2,0,0.00,1,0,0,Yes,"Zenith Connect",-11.19,No,4.70,No,Active,0
NXT-100004,2024-02-01,2,20.27,82.20,70.00,0.00,0.00,6.88,87.70,0.0564,52.40,69.70,91.60,44.50,7.01,0.00,3.34,54.85,0,0,0.00,0,0,0,Yes,"Globacom Prime",1.93,No,4.70,No,Active,0
NXT-100004,2024-03-01,3,13.62,360.60,41.00,0.00,0.00,2.96,58.00,0.0244,53.50,73.50,92.10,44.50,0.00,0.00,3.34,47.84,0,0,0.00,0,0,0,Yes,"AirLink Mobile",-13.23,Yes,2.90,No,Active,0
NXT-100004,2024-04-01,4,15.20,300.10,89.00,0.00,0.00,3.37,106.60,0.0415,52.90,74.50,92.00,44.50,0.00,0.00,3.34,47.84,0,0,0.00,0,0,0,Yes,"Globacom Prime",-11.98,Yes,4.20,No,Active,0
NXT-100004,2024-05-01,5,3.96,261.30,58.00,0.00,0.00,5.14,34.10,0.0317,63.50,76.80,100.00,44.50,7.76,0.00,3.34,55.60,0,0,0.00,0,0,1,Yes,"Zenith Connect",-12.31,No,3.70,No,Active,0
NXT-100004,2024-06-01,6,10.22,324.00,83.00,0.00,0.00,9.12,56.00,0.0561,57.60,74.40,100.00,44.50,0.00,0.00,3.34,47.84,5,0,0.00,1,0,0,Yes,"Globacom Prime",10.85,No,4.50,No,Active,0
NXT-100004,2024-07-01,7,4.79,199.10,165.00,0.00,0.00,3.22,12.60,0.0199,56.30,78.40,94.10,44.50,6.98,0.00,3.34,54.82,0,0,0.00,1,0,0,Yes,"Zenith Connect",2.51,No,4.10,No,Active,0
NXT-100004,2024-08-01,8,9.85,175.90,71.00,0.00,0.00,7.90,7.60,0.0213,62.40,77.60,97.60,44.50,0.00,0.00,3.34,47.84,1,0,0.00,1,0,0,Yes,"9Wave Telecom",13.12,No,3.80,No,Active,0
NXT-100004,2024-09-01,9,2.46,204.40,73.00,0.00,0.00,4.42,40.40,0.0236,64.50,91.00,100.00,44.50,9.22,0.00,3.34,57.06,0,0,0.00,1,0,1,Yes,"9Wave Telecom",-6.28,No,4.60,No,Active,0
NXT-100004,2024-10-01,10,9.42,191.00,32.00,0.00,0.00,2.27,185.50,0.0125,58.20,83.90,97.40,44.50,10.17,10.00,3.34,48.01,0,0,0.00,0,0,0,Yes,"AirLink Mobile",19.99,Yes,3.30,No,Active,0
NXT-100004,2024-11-01,11,10.38,189.80,67.00,0.00,0.00,2.94,41.40,0.0360,58.40,88.00,100.00,44.50,2.40,0.00,3.34,50.24,6,0,0.00,0,0,0,Yes,"AirLink Mobile",7.93,No,4.30,No,Active,0
NXT-100004,2024-12-01,12,18.29,178.10,47.00,0.00,0.00,3.52,94.00,0.0132,45.90,68.70,90.10,44.50,1.46,0.00,3.34,49.30,2,0,0.00,1,0,0,Yes,"Globacom Prime",-11.14,Yes,3.70,No,Active,0
NXT-100004,2025-01-01,13,14.93,188.50,0.00,0.00,0.00,1.75,30.80,0.0198,60.40,74.50,96.60,44.50,0.00,0.00,3.34,47.84,4,0,0.00,0,0,0,Yes,MTN-X,-4.32,Yes,4.60,No,Active,0
NXT-100004,2025-02-01,14,8.95,141.70,117.00,0.00,0.00,3.57,84.60,0.0626,50.80,79.20,100.00,44.50,0.00,0.00,3.34,47.84,0,0,0.00,0,0,1,Yes,MTN-X,-4.54,Yes,3.80,No,Active,0
NXT-100004,2025-03-01,15,13.25,302.00,11.00,0.00,0.00,3.93,17.50,0.0496,59.50,88.40,95.70,44.50,4.04,0.00,3.34,51.88,2,0,0.00,1,0,0,Yes,"Globacom Prime",-1.78,No,3.40,No,Active,0
NXT-100004,2025-04-01,16,15.12,186.70,64.00,0.00,0.00,5.30,39.40,0.0501,59.00,82.70,96.10,44.50,0.00,0.00,3.34,47.84,0,0,0.00,2,3,0,Yes,"Globacom Prime",10.85,No,NULL,No,Active,0
NXT-100004,2025-05-01,17,17.58,94.60,3.00,0.00,0.00,2.65,5.70,0.0468,58.60,76.40,100.00,44.50,7.01,15.00,3.34,39.85,4,0,0.00,0,2,0,Yes,"AirLink Mobile",7.56,Yes,4.30,No,Active,0
NXT-100004,2025-06-01,18,7.79,288.40,24.00,0.00,0.00,3.97,4.60,0.0650,55.80,77.70,100.00,44.50,7.67,0.00,3.34,55.51,4,0,0.00,0,1,0,Yes,MTN-X,16.46,Yes,3.60,No,Active,0
NXT-100004,2025-07-01,19,5.73,126.00,165.00,0.00,0.00,3.11,22.90,0.0515,60.70,84.40,98.10,44.50,0.76,0.00,3.34,48.60,1,0,0.00,1,0,0,Yes,"AirLink Mobile",-3.81,No,2.80,No,Active,0
NXT-100004,2025-08-01,20,14.86,187.50,88.00,0.00,0.00,3.83,105.60,0.0348,51.80,81.90,100.00,44.50,5.10,0.00,3.34,52.94,5,0,0.00,0,0,0,Yes,"AirLink Mobile",7.12,Yes,3.70,No,Active,0
NXT-100004,2025-09-01,21,0.00,305.80,138.00,0.00,0.00,6.15,98.00,0.0713,51.00,64.20,100.00,44.50,4.87,5.00,3.34,47.71,2,0,0.00,1,0,0,Yes,"Globacom Prime",9.23,Yes,3.50,No,Active,0
NXT-100004,2025-10-01,22,7.02,281.70,96.00,0.00,0.00,2.69,33.30,0.0491,60.10,71.50,NULL,44.50,0.00,0.00,3.34,47.84,1,0,NULL,0,0,0,Yes,"Zenith Connect",-6.14,No,3.90,No,Active,0
NXT-100004,2025-11-01,23,0.00,173.10,76.00,0.00,0.00,2.74,28.50,0.0375,63.90,85.90,95.30,44.50,1.81,0.00,3.34,49.65,0,0,0.00,0,0,0,Yes,"Zenith Connect",0.22,Yes,3.40,No,Active,0
NXT-100004,2025-12-01,24,14.28,223.10,62.00,0.00,0.00,1.67,43.10,0.0640,50.10,72.60,99.20,44.50,8.07,0.00,3.34,55.91,0,0,0.00,1,1,0,Yes,"9Wave Telecom",0.65,Yes,3.20,No,Active,0
NXT-100005,2023-07-01,0,2.86,261.50,0.00,0.00,0.00,3.36,15.20,0.0206,84.70,69.00,61.10,18.50,4.92,0.00,1.39,24.81,3,0,0.00,0,0,0,No,,NULL,No,NULL,No,Active,0
NXT-100005,2023-08-01,1,6.37,248.80,0.00,0.00,0.00,4.76,13.20,0.0051,79.80,60.40,60.00,18.50,11.45,0.00,1.39,31.34,0,0,0.00,2,0,0,No,,NULL,No,NULL,No,Active,0
NXT-100005,2023-09-01,2,0.00,227.20,14.00,0.00,0.00,5.78,21.80,0.0042,93.90,87.30,62.30,18.50,12.63,0.00,1.39,32.52,0,0,0.00,0,0,0,No,,NULL,No,NULL,No,Active,0
NXT-100005,2023-10-01,3,0.00,134.80,135.00,0.00,0.00,4.24,12.90,0.0050,84.30,73.50,56.10,18.50,0.00,0.00,1.39,19.89,0,0,0.00,1,0,0,No,,NULL,No,NULL,No,Active,0
NXT-100005,2023-11-01,4,8.36,176.10,50.00,0.00,0.00,4.49,14.60,0.0103,87.40,72.40,50.80,18.50,4.80,0.00,1.39,24.69,4,0,0.00,3,1,0,No,,NULL,No,NULL,No,Active,0
NXT-100005,2023-12-01,5,4.80,173.20,89.00,0.00,0.00,3.34,38.70,0.0130,84.80,64.50,51.10,18.50,1.37,0.00,1.39,21.26,0,0,0.00,0,1,0,No,,NULL,No,NULL,No,Active,0
NXT-100005,2024-01-01,6,4.20,100.10,87.00,0.00,0.00,1.46,78.30,0.0149,82.60,73.10,60.90,18.50,5.28,0.00,1.39,25.17,0,0,0.00,1,1,0,No,,NULL,No,NULL,No,Active,0
NXT-100005,2024-02-01,7,0.00,17.00,126.00,0.00,0.00,0.50,54.90,0.0165,83.80,65.70,54.70,18.50,5.58,0.00,1.39,25.47,1,0,0.00,3,1,0,No,,NULL,No,NULL,No,Active,0
NXT-100005,2024-03-01,8,5.60,194.10,52.00,0.00,0.00,5.11,7.40,0.0282,81.00,72.90,NULL,18.50,0.00,0.00,1.39,19.89,1,0,0.00,0,1,0,No,,NULL,No,NULL,No,Active,0
NXT-100005,2024-04-01,9,0.00,388.00,82.00,0.00,0.00,4.13,3.20,0.0100,85.80,78.10,61.10,18.50,7.01,0.00,1.39,26.90,1,0,0.00,1,0,1,No,,NULL,No,NULL,No,Active,0
NXT-100005,2024-05-01,10,0.00,118.80,84.00,0.00,0.00,9.26,40.30,0.0219,83.90,83.70,58.90,18.50,0.57,0.00,1.39,20.46,0,0,0.00,2,0,0,No,,NULL,No,NULL,No,Active,0
NXT-100005,2024-06-01,11,0.00,159.90,37.00,0.00,0.00,4.34,12.00,0.0223,84.10,71.00,63.00,18.50,0.56,0.00,1.39,20.45,0,0,0.00,0,2,0,No,,NULL,No,NULL,No,Active,0
NXT-100005,2024-07-01,12,0.56,162.40,150.00,0.00,0.00,2.86,1.50,0.0207,86.20,73.90,62.50,18.50,0.00,0.00,1.39,19.89,2,0,0.00,0,0,0,No,,NULL,No,NULL,No,Active,0
NXT-100005,2024-08-01,13,5.38,265.50,125.00,0.00,0.00,6.40,61.00,0.0051,92.50,86.60,63.90,18.50,0.00,15.00,1.39,4.89,1,0,0.00,1,2,0,Yes,"Globacom Prime",-6.43,No,4.10,No,Active,0
NXT-100005,2024-09-01,14,0.00,219.40,0.00,0.00,0.00,5.62,1.50,0.0210,NULL,58.60,44.00,18.50,3.69,0.00,1.39,23.58,0,0,0.00,1,2,0,Yes,"AirLink Mobile",NULL,No,3.10,No,Active,0
NXT-100005,2024-10-01,15,0.00,216.30,59.00,0.00,0.00,2.17,6.40,0.0098,91.00,66.10,46.20,18.50,11.43,0.00,1.39,31.32,0,0,0.00,2,0,1,Yes,"Zenith Connect",-12.64,Yes,3.10,No,Active,0
NXT-100005,2024-11-01,16,0.00,189.40,46.00,0.00,0.00,3.20,43.00,0.0141,86.40,59.00,51.90,18.50,4.36,0.00,1.39,24.25,1,0,0.00,2,0,3,No,,NULL,No,NULL,No,Churned,0
NXT-100006,2023-01-01,0,3.36,403.60,91.00,0.00,0.00,6.71,20.10,0.0000,100.00,100.00,100.00,71.00,4.97,0.00,5.33,81.30,1,0,0.00,0,0,0,No,,NULL,No,NULL,No,Active,0
NXT-100006,2023-02-01,1,5.90,334.40,31.00,0.00,0.00,2.31,12.90,0.0082,93.00,91.60,100.00,71.00,0.89,0.00,5.33,77.22,0,0,0.00,0,0,0,No,,NULL,No,NULL,No,Active,0
NXT-100006,2023-03-01,2,0.00,266.30,0.00,0.00,0.00,4.67,1.20,0.0051,95.30,96.50,99.90,71.00,1.11,0.00,5.33,77.44,0,0,0.00,0,0,0,No,,NULL,No,NULL,No,Active,0
NXT-100006,2023-04-01,3,0.00,234.10,31.00,0.00,0.00,1.64,17.40,0.0000,100.00,92.00,94.80,71.00,0.00,0.00,5.33,76.33,0,0,0.00,0,0,0,No,,NULL,No,NULL,No,Active,0
NXT-100006,2023-05-01,4,5.91,281.10,50.00,0.00,0.00,3.92,49.70,0.0062,94.40,93.70,100.00,71.00,0.00,0.00,5.33,NULL,2,0,0.00,1,0,0,No,,NULL,No,NULL,No,Active,0
NXT-100006,2023-06-01,5,2.47,144.40,55.00,0.00,0.00,2.04,2.10,0.0000,100.00,92.50,94.90,71.00,0.00,0.00,5.33,76.33,1,0,0.00,1,0,0,No,,NULL,No,NULL,No,Active,0
NXT-100006,2023-07-01,6,0.00,245.30,153.00,0.00,0.00,1.79,30.20,0.0000,100.00,100.00,100.00,71.00,0.16,0.00,5.33,76.49,1,0,0.00,2,0,0,No,,NULL,No,NULL,No,Active,0
NXT-100006,2023-08-01,7,5.38,279.30,156.00,0.00,0.00,1.58,5.20,0.0008,97.00,100.00,100.00,71.00,1.86,0.00,5.33,78.19,0,0,0.00,0,0,0,No,,NULL,No,NULL,No,Active,0
NXT-100006,2023-09-01,8,0.00,281.30,82.00,0.00,0.00,4.09,46.30,0.0010,96.50,91.60,87.90,71.00,2.50,0.00,5.33,78.83,0,0,0.00,0,1,0,No,,NULL,No,NULL,No,Active,0
NXT-100006,2023-10-01,9,2.87,218.70,153.00,0.00,0.00,5.11,0.60,0.0049,96.30,92.40,90.50,71.00,0.00,0.00,5.33,76.33,0,0,0.00,0,1,0,No,,NULL,No,NULL,No,Active,0
NXT-100006,2023-11-01,10,0.00,221.10,107.00,0.00,0.00,4.05,6.30,0.0064,92.80,98.30,91.10,71.00,1.38,0.00,5.33,77.71,1,0,0.00,0,0,0,No,,NULL,No,NULL,No,Active,0
NXT-100006,2023-12-01,11,4.59,85.80,92.00,0.00,0.00,6.08,38.10,0.0006,98.60,90.10,83.20,71.00,2.55,0.00,5.33,78.88,0,0,0.00,1,0,0,No,,NULL,No,NULL,No,Active,0
NXT-100006,2024-01-01,12,0.00,202.40,162.00,0.00,0.00,4.25,16.40,0.0024,95.30,96.00,89.50,71.00,0.00,0.00,5.33,76.33,2,0,0.00,0,0,0,No,,NULL,No,NULL,No,Active,0
NXT-100006,2024-02-01,13,12.20,273.50,0.00,0.00,0.00,3.87,5.80,0.0008,96.10,99.50,98.60,71.00,5.30,0.00,5.33,81.63,1,0,0.00,0,0,0,No,,NULL,No,NULL,No,Active,0
NXT-100006,2024-03-01,14,7.19,269.90,37.00,0.00,0.00,6.53,55.40,0.0008,97.90,96.90,91.30,71.00,5.47,0.00,5.33,81.80,0,0,0.00,0,0,0,No,,NULL,No,NULL,No,Active,0
NXT-100006,2024-04-01,15,9.10,285.20,105.00,0.00,0.00,2.64,5.00,0.0009,95.70,95.90,93.70,71.00,4.92,0.00,5.33,81.25,2,0,NULL,0,0,0,No,,NULL,No,NULL,No,Active,0
NXT-100006,2024-05-01,16,4.68,372.60,94.00,0.00,0.00,3.89,4.70,0.0000,100.00,100.00,99.20,71.00,0.00,0.00,5.33,76.33,0,0,0.00,2,0,0,No,,NULL,No,NULL,No,Active,0
NXT-100006,2024-06-01,17,0.00,16.70,44.00,0.00,0.00,5.30,7.60,0.0010,98.40,93.80,100.00,71.00,0.00,0.00,5.33,76.33,0,0,0.00,0,1,0,No,,NULL,No,NULL,Yes,Active,0
NXT-100006,2024-07-01,18,5.48,119.50,69.00,0.00,0.00,4.86,7.60,0.0023,95.60,95.30,96.20,71.00,0.00,0.00,5.33,76.33,0,0,0.00,0,1,0,No,,NULL,No,NULL,No,Active,0
NXT-100006,2024-08-01,19,0.00,244.30,0.00,0.00,0.00,3.30,42.80,0.0041,88.30,94.00,92.90,71.00,0.00,0.00,5.33,76.33,2,0,0.00,0,0,0,No,,NULL,No,NULL,No,Active,0
NXT-100006,2024-09-01,20,9.90,216.80,100.00,0.00,0.00,3.16,4.30,0.0032,96.80,100.00,95.70,71.00,0.00,10.00,5.33,66.33,4,0,0.00,0,1,0,No,,NULL,No,NULL,No,Active,0
NXT-100006,2024-10-01,21,1.03,322.50,40.00,0.00,0.00,5.52,21.60,0.0018,98.00,94.80,98.50,71.00,8.67,0.00,5.33,85.00,0,0,0.00,0,0,0,No,,NULL,No,NULL,No,Active,0
NXT-100006,2024-11-01,22,2.92,177.10,85.00,0.00,0.00,4.38,5.40,0.0018,97.20,89.90,96.40,71.00,6.88,0.00,5.33,83.21,2,0,0.00,1,1,0,No,,NULL,No,NULL,No,Active,0
NXT-100006,2024-12-01,23,0.95,287.00,117.00,0.00,0.00,5.27,33.90,0.0000,100.00,100.00,99.30,71.00,8.36,0.00,5.33,84.69,1,0,0.00,0,0,0,No,,NULL,No,NULL,No,Active,0
NXT-100006,2025-01-01,24,0.61,205.00,55.00,0.00,0.00,3.07,44.00,0.0127,84.80,96.90,100.00,71.00,0.00,0.00,5.33,76.33,3,0,0.00,0,0,0,No,,NULL,No,NULL,No,Active,0
NXT-100006,2025-02-01,25,15.41,268.90,122.00,0.00,0.00,1.39,63.30,0.0033,93.60,94.00,100.00,71.00,6.38,15.00,5.33,67.71,3,0,0.00,0,0,0,No,,NULL,No,NULL,No,Active,0
NXT-100006,2025-03-01,26,9.87,217.30,41.00,0.00,0.00,4.24,28.90,0.0048,96.10,95.90,99.20,71.00,4.02,0.00,5.33,80.35,1,0,0.00,0,0,0,No,,NULL,No,NULL,No,Active,0
NXT-100006,2025-04-01,27,2.40,309.10,60.00,0.00,0.00,3.19,8.30,0.0022,92.80,94.60,100.00,71.00,0.00,0.00,5.33,76.33,3,0,0.00,0,0,0,No,,NULL,No,NULL,No,Active,0
NXT-100006,2025-05-01,28,0.00,331.60,126.00,0.00,0.00,3.65,20.00,0.0005,99.40,96.50,98.70,71.00,4.99,0.00,5.33,81.32,4,0,0.00,0,0,0,Yes,"9Wave Telecom",-9.20,Yes,3.50,No,Active,0
NXT-100006,2025-06-01,29,0.38,121.40,70.00,0.00,0.00,2.79,60.50,0.0083,88.90,94.30,NULL,71.00,7.43,5.00,5.33,78.76,0,0,0.00,1,0,0,No,,NULL,No,NULL,No,Active,0
NXT-100006,2025-07-01,30,4.25,359.90,95.00,0.00,0.00,4.75,9.80,0.0102,88.40,79.90,100.00,71.00,0.00,0.00,5.33,76.33,3,0,0.00,1,0,0,No,,NULL,No,NULL,No,Active,0
NXT-100006,2025-08-01,31,0.00,142.90,152.00,0.00,0.00,7.57,18.40,0.0007,98.10,87.90,89.40,71.00,0.00,0.00,5.33,76.33,0,0,0.00,0,1,0,No,,NULL,No,NULL,No,Active,0
NXT-100006,2025-09-01,32,10.64,248.20,0.00,0.00,0.00,3.35,1.30,0.0035,92.80,90.40,87.10,71.00,4.13,0.00,5.33,80.46,1,0,0.00,0,0,0,Yes,MTN-X,-13.02,No,2.50,No,Active,0
NXT-100006,2025-10-01,33,0.00,232.60,85.00,0.00,0.00,4.55,6.80,0.0094,89.80,90.60,95.30,71.00,1.43,15.00,5.33,62.76,0,0,0.00,0,0,0,No,,NULL,No,NULL,Yes,Active,0
NXT-100006,2025-11-01,34,0.00,225.70,117.00,0.00,0.00,6.07,5.40,0.0116,91.40,95.60,96.60,71.00,7.19,0.00,5.33,83.52,3,0,0.00,0,0,0,No,,NULL,No,NULL,No,Active,0
NXT-100006,2025-12-01,35,4.14,184.90,0.00,0.00,0.00,6.58,12.50,0.0218,84.50,92.70,100.00,71.00,0.00,0.00,5.33,76.33,1,0,0.00,0,0,0,No,,NULL,No,NULL,No,Active,0
NXT-100007,2023-12-01,0,17.89,103.60,53.00,10.30,0.00,3.09,83.30,0.0268,60.20,66.80,61.90,63.50,0.00,0.00,4.76,68.26,0,0,0.00,1,0,0,Yes,"Globacom Prime",3.68,Yes,3.50,No,Active,0
NXT-100007,2024-01-01,1,17.00,194.60,100.00,31.10,0.00,3.61,39.20,0.0335,63.90,63.70,58.90,63.50,1.79,0.00,4.76,70.05,2,0,0.00,0,0,1,Yes,"Globacom Prime",7.70,No,2.80,No,Active,0
NXT-100007,2024-02-01,2,17.37,10.50,66.00,17.90,0.00,2.18,38.50,0.0115,74.60,64.60,56.70,63.50,11.70,0.00,4.76,79.96,1,0,0.00,0,0,0,Yes,"AirLink Mobile",7.59,No,4.10,No,Active,0
NXT-100007,2024-03-01,3,5.51,221.40,128.00,23.80,0.00,4.76,44.40,0.0358,71.30,69.40,57.90,63.50,11.64,0.00,4.76,79.90,2,0,0.00,3,0,1,Yes,"Zenith Connect",8.39,No,4.40,No,Active,0
NXT-100007,2024-04-01,4,8.19,363.20,118.00,0.00,0.00,6.21,43.30,0.0055,74.10,71.10,63.90,63.50,0.00,0.00,4.76,68.26,1,0,0.00,0,1,0,Yes,MTN-X,-4.00,No,2.60,No,Active,0
NXT-100007,2024-05-01,5,11.19,210.20,26.00,5.90,0.00,6.55,29.30,0.0248,71.50,55.80,53.80,63.50,6.54,0.00,4.76,74.80,0,0,0.00,0,0,0,Yes,"Globacom Prime",18.32,No,3.10,No,Active,0
NXT-100007,2024-06-01,6,17.69,175.80,79.00,29.50,0.00,3.69,181.10,0.0375,66.40,59.40,62.00,63.50,4.99,0.00,4.76,73.25,0,0,0.00,0,0,1,Yes,"AirLink Mobile",7.10,No,4.60,No,Active,0
NXT-100007,2024-07-01,7,7.92,306.00,114.00,0.70,0.00,4.53,12.90,0.0092,74.60,69.60,67.00,63.50,8.67,0.00,4.76,76.93,0,0,0.00,1,0,0,Yes,MTN-X,16.52,No,3.00,No,Active,0
NXT-100007,2024-08-01,8,13.04,174.10,96.00,16.10,0.00,3.68,42.50,0.0161,69.10,70.80,57.60,63.50,0.00,0.00,4.76,68.26,4,0,NULL,0,0,0,Yes,MTN-X,12.14,No,4.00,No,Active,0
NXT-100007,2024-09-01,9,25.56,216.90,108.00,15.40,0.00,6.10,75.20,0.0214,62.20,65.80,70.30,63.50,2.72,0.00,4.76,70.98,0,0,NULL,0,0,0,Yes,"Zenith Connect",-11.04,No,2.70,No,Active,0
NXT-100007,2024-10-01,10,6.05,300.20,142.00,0.00,0.00,7.14,31.90,0.0524,63.60,64.10,64.60,63.50,0.00,0.00,4.76,68.26,2,0,0.00,0,0,0,Yes,"AirLink Mobile",5.28,Yes,3.50,No,Active,0
NXT-100007,2024-11-01,11,20.06,254.90,120.00,0.00,0.00,3.50,24.20,0.0179,NULL,59.10,65.80,63.50,0.00,0.00,4.76,68.26,1,0,0.00,0,0,0,Yes,"AirLink Mobile",12.70,No,2.50,No,Active,0
NXT-100007,2024-12-01,12,0.49,220.80,119.00,31.10,0.00,3.63,44.70,0.0067,72.10,62.80,61.10,63.50,5.33,0.00,4.76,73.59,0,0,0.00,2,0,0,Yes,MTN-X,9.86,No,4.00,No,Active,0
NXT-100007,2025-01-01,13,13.96,47.40,108.00,43.60,0.00,5.95,104.00,0.0196,64.40,69.20,63.30,63.50,12.71,0.00,4.76,80.97,1,0,0.00,0,0,0,Yes,"Zenith Connect",6.94,No,3.50,No,Active,0
NXT-100007,2025-02-01,14,13.32,183.90,134.00,0.00,0.00,4.54,21.10,0.0360,65.30,70.50,60.00,63.50,6.15,0.00,4.76,74.41,0,0,0.00,0,0,0,Yes,"Globacom Prime",NULL,Yes,3.60,No,Active,0
NXT-100007,2025-03-01,15,8.89,106.90,0.00,12.70,0.00,1.58,22.00,0.0246,65.80,71.30,62.50,63.50,0.70,0.00,4.76,68.96,0,0,0.00,2,0,0,Yes,"9Wave Telecom",8.62,No,4.70,No,Active,0
NXT-100007,2025-04-01,16,3.42,335.50,18.00,4.30,0.00,4.43,55.80,0.0254,74.90,68.90,67.00,63.50,6.04,0.00,4.76,74.30,0,0,0.00,0,1,0,Yes,MTN-X,2.47,No,4.00,Yes,Active,0
NXT-100007,2025-05-01,17,6.79,248.80,147.00,40.50,0.00,3.09,21.90,0.0504,62.70,50.20,55.60,63.50,0.00,0.00,4.76,68.26,1,0,0.00,1,0,0,Yes,"AirLink Mobile",-0.72,No,2.70,Yes,Active,0
NXT-100007,2025-06-01,18,11.29,166.90,57.00,0.00,0.00,8.25,29.20,0.0320,74.30,66.70,54.90,63.50,0.00,0.00,4.76,68.26,0,0,0.00,0,2,0,Yes,MTN-X,10.88,Yes,4.50,No,ACTIVE,0
NXT-100007,2025-07-01,19,18.53,107.20,144.00,10.80,0.00,0.89,88.20,0.0297,66.80,60.30,63.70,63.50,5.28,0.00,4.76,73.54,9,0,0.00,0,1,0,Yes,MTN-X,-12.02,Yes,3.30,No,Active,0
NXT-100007,2025-08-01,20,14.59,214.00,88.00,0.00,0.00,3.69,41.60,0.0283,75.90,69.00,61.30,63.50,0.00,0.00,4.76,68.26,1,0,NULL,0,0,0,Yes,"Zenith Connect",-13.77,No,3.20,No,Active,0
NXT-100007,2025-09-01,21,14.46,140.50,149.00,6.90,0.00,6.14,45.50,0.0241,77.10,64.90,54.00,63.50,6.42,15.00,4.76,59.68,2,0,0.00,0,0,0,Yes,MTN-X,10.35,No,2.80,No,Active,0
NXT-100007,2025-10-01,22,15.01,100.50,146.00,0.00,0.00,4.56,10.20,0.0474,67.60,59.90,55.60,63.50,5.95,0.00,4.76,74.21,0,0,0.00,1,0,0,Yes,"Globacom Prime",-0.01,No,4.50,No,Active,0
NXT-100007,2025-11-01,23,15.78,198.60,133.00,26.90,0.00,0.50,50.60,0.0064,72.80,64.70,62.90,63.50,11.53,0.00,4.76,79.79,2,0,0.00,0,0,0,Yes,"Globacom Prime",0.19,No,3.70,No,Active,0
NXT-100007,2025-12-01,24,8.08,317.60,56.00,29.40,0.00,2.82,12.90,0.0330,69.10,61.60,61.50,63.50,4.34,0.00,4.76,72.60,2,0,NULL,1,0,0,Yes,MTN-X,8.80,Yes,4.50,No,Active,0
NXT-100008,2024-03-01,0,6.45,338.40,143.00,0.00,0.00,6.90,39.90,0.0226,70.30,87.80,97.60,36.50,4.85,15.00,2.74,29.09,0,0,0.00,0,0,0,Yes,"9Wave Telecom",19.83,Yes,2.90,No,Active,0
NXT-100008,2024-04-01,1,8.00,287.30,50.00,0.00,0.00,2.38,42.90,0.0472,68.10,77.50,87.20,36.50,2.73,5.00,2.74,36.97,5,0,0.00,0,0,0,Yes,"9Wave Telecom",-2.45,No,3.30,No,Active,0
NXT-100008,2024-05-01,2,0.00,204.50,139.00,0.00,0.00,4.22,50.00,0.0133,76.10,88.10,79.60,36.50,0.00,0.00,2.74,39.24,0,0,0.00,0,0,0,Yes,MTN-X,17.25,No,2.90,Yes,Active,0
NXT-100008,2024-06-01,3,12.43,154.50,91.00,0.00,0.00,4.86,65.80,0.0153,69.40,81.80,93.80,36.50,3.38,0.00,2.74,42.62,2,0,0.00,1,0,1,Yes,"9Wave Telecom",-11.47,No,3.10,No,Active,0
NXT-100008,2024-07-01,4,11.60,101.40,65.00,0.00,0.00,3.42,61.10,0.0121,78.20,94.20,100.00,36.50,11.75,0.00,2.74,50.99,0,0,0.00,0,0,0,Yes,"AirLink Mobile",-1.87,Yes,2.50,No,Active,0
NXT-100008,2024-08-01,5,2.20,86.10,90.00,0.00,0.00,5.08,70.80,0.0223,67.60,86.60,95.00,36.50,0.25,0.00,2.74,39.49,0,0,0.00,1,0,0,Yes,"Zenith Connect",18.40,No,4.00,No,Active,0
NXT-100008,2024-09-01,6,12.09,127.70,245.00,0.00,0.00,3.37,0.40,0.0385,67.60,76.50,96.70,36.50,0.00,0.00,2.74,39.24,1,0,0.00,0,0,0,Yes,"Globacom Prime",-14.98,No,4.60,No,Active,0
NXT-100008,2024-10-01,7,16.96,250.10,65.00,0.00,0.00,4.83,54.90,0.0389,67.40,77.70,93.70,36.50,5.10,0.00,2.74,44.34,4,0,NULL,1,1,0,Yes,"Globacom Prime",6.93,Yes,3.60,No,Active,0
NXT-100008,2024-11-01,8,16.83,94.80,90.00,0.00,0.00,1.84,110.60,0.0215,73.10,61.90,85.50,36.50,1.25,0.00,2.74,40.49,2,0,0.00,1,3,1,Yes,"AirLink Mobile",-12.64,No,4.70,No,Active,0
NXT-100008,2024-12-01,9,9.30,308.10,180.00,0.00,0.00,3.99,117.90,0.0319,66.10,77.80,89.70,36.50,0.71,0.00,2.74,39.95,0,0,0.00,1,0,1,Yes,"AirLink Mobile",-7.15,No,3.50,No,Active,0
NXT-100008,2025-01-01,10,20.17,112.80,89.00,0.00,0.00,4.75,5.20,0.0079,69.60,71.90,93.90,36.50,0.00,0.00,2.74,39.24,0,0,0.00,2,1,0,Yes,"AirLink Mobile",16.40,Yes,2.50,No,Active,0
NXT-100008,2025-02-01,11,3.76,191.70,101.00,0.00,0.00,4.22,39.50,0.0149,65.40,77.00,98.00,36.50,10.17,10.00,2.74,39.41,0,0,0.00,0,0,1,Yes,"9Wave Telecom",0.24,No,4.70,No,Active,0
NXT-100008,2025-03-01,12,6.64,17.70,97.00,0.00,0.00,5.62,25.80,0.0083,71.50,81.80,85.50,36.50,0.60,0.00,2.74,39.84,1,0,0.00,1,0,0,Yes,"AirLink Mobile",14.34,No,4.50,No,Active,0
NXT-100008,2025-04-01,13,8.86,128.20,43.00,0.00,0.00,5.41,5.20,0.0471,63.60,73.10,75.30,36.50,1.17,0.00,2.74,40.41,0,0,0.00,2,0,0,Yes,"Zenith Connect",15.78,No,3.70,No,Active,0
NXT-100008,2025-05-01,14,15.13,0.00,108.00,0.00,0.00,4.28,152.00,0.0368,66.90,78.90,94.30,36.50,0.00,0.00,2.74,39.24,0,0,0.00,2,1,1,Yes,MTN-X,-3.53,No,4.60,No,Active,0
NXT-100008,2025-06-01,15,15.70,231.40,58.00,0.00,0.00,3.62,154.10,0.0210,73.00,85.80,95.40,36.50,4.87,0.00,2.74,44.11,0,0,0.00,2,1,1,Yes,MTN-X,13.10,No,3.70,No,Active,0
NXT-100008,2025-07-01,16,12.01,483.00,59.00,0.00,0.00,6.09,20.70,0.0280,69.10,70.30,88.80,36.50,1.72,0.00,2.74,40.96,2,0,0.00,0,0,0,Yes,"Zenith Connect",-3.57,No,3.70,No,Active,0
NXT-100008,2025-08-01,17,10.47,263.80,140.00,0.00,0.00,3.55,5.30,0.0183,78.40,92.40,90.00,36.50,4.81,0.00,2.74,NULL,0,0,0.00,0,2,0,Yes,"Globacom Prime",12.14,No,4.00,No,Active,0
NXT-100008,2025-09-01,18,2.10,127.10,155.00,0.00,0.00,4.18,20.90,0.0163,77.60,76.80,73.20,36.50,0.00,0.00,2.74,39.24,1,0,0.00,0,1,0,Yes,"Globacom Prime",-12.50,No,3.10,No,Active,0
NXT-100008,2025-10-01,19,14.49,300.10,93.00,0.00,0.00,4.08,9.40,0.0060,84.20,79.20,74.80,36.50,7.05,0.00,2.74,46.29,1,0,0.00,1,0,1,Yes,"Globacom Prime",0.45,No,3.20,No,Active,0
NXT-100008,2025-11-01,20,6.84,144.20,148.00,0.00,0.00,5.37,88.70,0.0267,72.00,67.90,82.90,36.50,14.03,0.00,2.74,53.27,3,0,0.00,2,3,0,Yes,"9Wave Telecom",14.37,No,3.10,Yes,churned,0
NXT-100009,2023-10-01,0,21.32,183.70,170.00,0.00,0.00,5.49,79.20,0.0182,71.90,68.20,59.60,36.50,0.18,0.00,2.74,39.42,0,0,0.00,0,1,0,Yes,"9Wave Telecom",19.64,Yes,4.80,No,Active,0
NXT-100009,2023-11-01,1,8.75,248.90,0.00,0.00,0.00,6.61,27.70,0.0114,75.50,74.30,80.90,36.50,3.53,5.00,2.74,37.77,4,0,0.00,0,1,0,Yes,"AirLink Mobile",18.31,No,3.00,No,Active,0
NXT-100009,2023-12-01,2,19.61,198.90,52.00,0.00,0.00,4.71,26.10,0.0125,77.20,69.40,69.60,36.50,0.00,0.00,2.74,39.24,0,0,0.00,0,0,0,Yes,"Globacom Prime",6.26,No,4.70,No,Active,0
NXT-100009,2024-01-01,3,5.21,315.80,93.00,0.00,0.00,4.27,0.40,0.0207,70.10,69.80,66.60,36.50,15.99,0.00,2.74,55.23,1,0,0.00,0,0,0,Yes,"9Wave Telecom",-7.51,No,2.60,No,Active,0
NXT-100009,2024-02-01,4,17.93,315.60,107.00,0.00,0.00,4.15,43.90,0.0147,64.10,68.00,65.40,36.50,9.23,0.00,2.74,48.47,2,0,0.00,0,0,1,Yes,"Globacom Prime",-8.34,Yes,2.80,Yes,Active,0
NXT-100009,2024-03-01,5,13.14,155.70,18.00,0.00,0.00,3.60,1.70,0.0286,70.80,71.50,74.70,36.50,4.95,0.00,2.74,44.19,0,0,0.00,0,0,0,Yes,"Zenith Connect",11.10,No,4.40,No,Active,0
NXT-100009,2024-04-01,6,15.32,301.40,114.00,0.00,0.00,3.07,49.80,0.0457,67.80,62.40,57.40,36.50,4.95,0.00,2.74,44.19,1,0,0.00,1,0,0,Yes,"9Wave Telecom",4.01,No,4.60,No,Active,0
NXT-100009,2024-05-01,7,15.63,28.20,97.00,0.00,0.00,2.72,64.50,0.0232,72.20,76.50,65.60,36.50,0.00,0.00,2.74,39.24,2,0,0.00,0,0,0,Yes,"9Wave Telecom",16.11,No,4.50,No,Active,0
NXT-100009,2024-06-01,8,9.46,184.80,48.00,0.00,0.00,3.86,20.10,0.0349,70.40,59.10,70.50,36.50,5.76,15.00,2.74,30.00,2,0,0.00,0,0,1,Yes,"Globacom Prime",17.09,No,4.00,No,Active,0
NXT-100009,2024-07-01,9,13.11,396.40,34.00,0.00,0.00,3.16,1.00,0.0264,75.50,68.30,62.10,36.50,5.75,0.00,2.74,44.99,1,0,0.00,1,0,0,Yes,"AirLink Mobile",14.66,No,3.30,No,active,0
NXT-100009,2024-08-01,10,13.13,272.70,60.00,0.00,0.00,1.43,6.10,0.0076,70.40,65.10,70.70,36.50,5.22,10.00,2.74,34.46,4,0,0.00,1,0,0,Yes,"Globacom Prime",14.98,No,2.80,No,Active,0
NXT-100009,2024-09-01,11,14.66,102.40,87.00,0.00,0.00,3.86,30.90,0.0351,67.00,70.20,68.20,36.50,4.95,10.00,2.74,34.19,12,0,0.00,0,0,0,Yes,MTN-X,-14.19,Yes,3.80,No,Active,0
NXT-100009,2024-10-01,12,4.68,68.30,44.00,0.00,0.00,1.79,97.80,0.0279,78.60,65.60,60.60,36.50,4.42,0.00,2.74,43.66,0,0,0.00,0,0,0,Yes,"9Wave Telecom",12.34,No,3.00,No,Active,0
NXT-100009,2024-11-01,13,12.89,176.50,12.00,0.00,0.00,4.18,33.80,0.0345,75.30,69.50,NULL,36.50,3.50,5.00,2.74,37.74,1,0,NULL,0,0,0,Yes,MTN-X,-1.71,No,4.60,No,Active,0
NXT-100009,2024-12-01,14,9.69,275.50,148.00,0.00,0.00,5.91,10.90,0.0101,NULL,67.70,66.50,36.50,12.38,0.00,2.74,51.62,2,0,0.00,0,0,0,Yes,"Globacom Prime",6.88,No,4.70,No,Active,0
NXT-100009,2025-01-01,15,16.46,186.40,81.00,0.00,0.00,7.30,42.40,0.0142,71.80,61.10,65.70,36.50,2.29,0.00,2.74,41.53,0,0,0.00,0,0,0,Yes,"9Wave Telecom",1.05,No,3.90,No,Active,0
NXT-100009,2025-02-01,16,6.99,46.70,95.00,0.00,0.00,5.41,115.70,0.0177,76.80,76.90,56.40,36.50,2.17,0.00,2.74,41.41,0,0,0.00,1,0,0,Yes,"Zenith Connect",10.29,No,4.00,No,Active,0
NXT-100009,2025-03-01,17,12.48,174.00,142.00,0.00,0.00,1.74,18.20,0.0210,83.60,72.00,61.80,36.50,1.63,0.00,2.74,40.87,1,0,0.00,0,0,0,Yes,MTN-X,11.03,No,3.90,No,Active,0
NXT-100009,2025-04-01,18,8.30,306.90,93.00,0.00,0.00,3.03,49.40,0.0384,71.20,64.40,63.60,36.50,0.00,0.00,2.74,39.24,1,0,0.00,0,0,0,Yes,"Globacom Prime",2.74,No,3.70,No,Active,0
NXT-100009,2025-05-01,19,4.94,262.50,40.00,0.00,0.00,3.30,22.80,0.0329,71.20,67.50,71.30,36.50,5.15,0.00,2.74,44.39,3,0,0.00,1,0,0,Yes,"Zenith Connect",-1.58,Yes,3.80,No,Active,0
NXT-100009,2025-06-01,20,12.86,305.50,90.00,0.00,0.00,1.89,20.80,0.0232,76.10,68.40,65.80,36.50,1.81,0.00,2.74,41.05,1,0,0.00,0,0,0,Yes,"Globacom Prime",-12.46,No,2.90,No,Active,0
NXT-100009,2025-07-01,21,7.68,460.00,53.00,0.00,0.00,1.67,32.50,0.0191,NULL,65.60,64.50,36.50,0.00,0.00,2.74,39.24,0,0,0.00,0,0,0,Yes,"9Wave Telecom",-9.63,Yes,4.40,No,Active,0
NXT-100009,2025-08-01,22,4.34,206.30,172.00,0.00,0.00,4.14,61.20,0.0377,70.10,74.40,71.90,36.50,0.11,0.00,2.74,39.35,1,0,0.00,0,0,0,Yes,"Zenith Connect",2.67,No,2.70,No,Active,0
NXT-100009,2025-09-01,23,16.99,134.10,129.00,0.00,0.00,4.59,60.20,0.0451,66.00,69.10,63.10,36.50,0.00,5.00,2.74,34.24,0,0,0.00,0,0,0,Yes,"AirLink Mobile",0.56,No,3.90,Yes,Active,0
NXT-100009,2025-10-01,24,19.59,253.00,25.00,0.00,0.00,5.58,39.20,0.0147,77.40,78.40,78.10,36.50,0.00,0.00,2.74,39.24,2,0,0.00,0,1,1,Yes,"Globacom Prime",8.03,Yes,3.90,No,Active,0
NXT-100009,2025-11-01,25,15.55,265.10,0.00,0.00,0.00,3.37,29.60,0.0170,71.60,77.10,71.80,36.50,2.15,0.00,2.74,41.39,2,0,0.00,1,0,0,Yes,"Globacom Prime",4.55,No,4.10,No,Active,0
NXT-100009,2025-12-01,26,16.31,300.30,131.00,0.00,0.00,4.23,1.90,0.0386,71.20,69.50,71.50,36.50,0.00,0.00,2.74,39.24,1,0,0.00,0,0,0,Yes,"Globacom Prime",-14.58,No,4.00,No,Active,0
NXT-100010,2023-10-01,0,5.32,174.90,79.00,0.00,0.00,8.31,29.20,0.0158,84.80,76.90,66.80,57.50,0.59,0.00,4.31,62.40,0,0,0.00,1,0,0,Yes,"Zenith Connect",10.57,No,2.80,No,Active,0
NXT-100010,2023-11-01,1,7.75,124.10,143.00,0.00,0.00,4.59,44.20,0.0184,81.00,71.40,60.90,57.50,3.56,0.00,4.31,65.37,0,0,0.00,1,1,1,Yes,"Zenith Connect",10.63,Yes,2.60,No,Active,0
NXT-100010,2023-12-01,2,11.27,281.10,45.00,0.00,0.00,9.45,137.20,0.0206,81.40,74.90,59.50,57.50,6.37,10.00,4.31,58.18,0,0,0.00,1,0,0,Yes,"Globacom Prime",13.06,No,4.40,No,Active,0
NXT-100010,2024-01-01,3,11.26,273.30,89.00,0.00,0.00,4.84,48.90,0.0076,86.90,79.00,70.70,57.50,1.53,0.00,4.31,63.34,8,0,0.00,0,0,0,Yes,"Zenith Connect",-11.04,No,2.70,No,Active,0
NXT-100010,2024-02-01,4,21.59,207.00,155.00,0.00,0.00,5.76,34.80,0.0227,77.00,64.30,64.30,57.50,0.00,0.00,4.31,61.81,1,0,0.00,0,0,0,Yes,"Zenith Connect",8.56,Yes,4.70,No,Active,0
NXT-100010,2024-03-01,5,9.74,237.40,108.00,0.00,0.00,4.03,116.00,0.0195,76.30,65.90,52.40,57.50,12.47,0.00,4.31,74.28,0,0,0.00,1,0,0,Yes,"Zenith Connect",6.76,No,3.70,No,Active,0
NXT-100010,2024-04-01,6,6.41,199.20,75.00,0.00,0.00,1.93,5.10,0.0195,78.10,74.00,67.10,57.50,6.90,0.00,4.31,68.71,1,0,0.00,0,0,0,Yes,MTN-X,0.54,Yes,4.00,No,Active,0
NXT-100010,2024-05-01,7,16.00,272.80,18.00,0.00,0.00,5.17,98.00,0.0179,80.90,75.10,69.30,57.50,2.95,0.00,4.31,64.76,8,0,0.00,0,0,0,Yes,"Globacom Prime",3.53,No,3.90,No,Active,0
NXT-100010,2024-06-01,8,15.97,286.70,148.00,0.00,0.00,0.50,0.30,0.0391,71.70,64.60,53.30,57.50,2.28,15.00,4.31,49.09,3,0,0.00,0,0,0,Yes,MTN-X,-14.17,Yes,3.60,No,Active,0
NXT-100010,2024-07-01,9,11.29,266.30,42.00,0.00,0.00,1.66,5.60,0.0224,83.30,70.20,53.70,57.50,7.86,0.00,4.31,69.67,0,0,0.00,0,0,0,Yes,"AirLink Mobile",10.79,No,4.30,No,Active,0
NXT-100010,2024-08-01,10,10.74,136.20,82.00,0.00,0.00,4.66,34.10,0.0207,84.00,72.10,57.80,57.50,4.64,0.00,4.31,NULL,0,0,0.00,0,0,0,Yes,MTN-X,11.83,No,4.70,No,Active,0
NXT-100010,2024-09-01,11,11.60,165.50,101.00,0.00,0.00,6.24,3.20,0.0189,80.50,64.90,60.50,57.50,0.00,0.00,4.31,61.81,0,0,0.00,0,0,0,Yes,"Zenith Connect",-7.89,No,3.70,No,Active,0
NXT-100010,2024-10-01,12,1.25,384.70,161.00,0.00,0.00,4.85,7.10,0.0143,85.80,80.30,73.50,57.50,0.00,5.00,4.31,56.81,3,0,0.00,0,0,0,Yes,"Zenith Connect",0.80,No,3.30,No,Active,0
NXT-100010,2024-11-01,13,9.41,212.80,216.00,0.00,0.00,2.27,26.10,0.0176,85.90,81.40,71.20,57.50,5.57,0.00,4.31,67.38,0,0,0.00,0,0,0,Yes,"9Wave Telecom",14.41,No,4.00,No,Active,0
NXT-100010,2024-12-01,14,0.10,438.20,0.00,0.00,0.00,4.91,67.40,0.0176,86.70,76.70,55.60,57.50,0.00,0.00,4.31,61.81,0,0,0.00,1,0,0,Yes,"Globacom Prime",19.33,No,3.50,No,Active,0
NXT-100010,2025-01-01,15,7.18,192.30,32.00,0.00,0.00,4.95,68.70,0.0186,82.20,72.90,67.40,57.50,1.40,0.00,4.31,63.21,0,0,0.00,1,0,0,Yes,"Globacom Prime",14.12,No,2.80,Yes,Active,0
NXT-100010,2025-02-01,16,21.39,274.00,60.00,0.00,0.00,3.33,10.30,0.0103,78.30,65.70,54.20,57.50,6.53,0.00,4.31,68.34,1,0,0.00,0,1,0,Yes,"9Wave Telecom",-13.56,Yes,4.80,No,Active,0
NXT-100010,2025-03-01,17,6.95,109.70,232.00,0.00,0.00,4.46,56.40,0.0306,70.00,63.80,54.20,57.50,2.46,0.00,4.31,64.27,5,0,0.00,0,0,0,Yes,"AirLink Mobile",17.04,No,3.80,No,Active,0
NXT-100010,2025-04-01,18,14.82,101.40,44.00,0.00,0.00,3.94,5.80,0.0206,79.90,63.00,60.30,57.50,2.51,0.00,4.31,64.32,0,0,0.00,0,0,0,Yes,"AirLink Mobile",19.17,No,2.80,No,Active,0
NXT-100010,2025-05-01,19,12.46,317.80,81.00,0.00,0.00,7.15,12.40,0.0167,81.30,74.10,64.20,57.50,2.97,5.00,4.31,59.78,3,0,0.00,0,0,0,Yes,"Globacom Prime",-8.42,No,2.90,No,Active,0
NXT-100010,2025-06-01,20,13.81,314.60,76.00,0.00,0.00,2.17,17.10,0.0081,79.60,70.80,59.80,57.50,0.00,0.00,4.31,61.81,3,0,0.00,1,0,0,Yes,MTN-X,-12.86,Yes,3.60,No,Active,0
NXT-100010,2025-07-01,21,8.71,350.30,98.00,0.00,0.00,6.57,43.50,0.0241,82.60,68.50,59.00,57.50,0.00,0.00,4.31,61.81,0,0,0.00,1,0,0,Yes,"Globacom Prime",3.73,No,3.90,No,Active,0
NXT-100010,2025-08-01,22,7.83,80.90,106.00,0.00,0.00,3.07,54.40,0.0098,77.00,68.70,59.80,57.50,10.97,5.00,4.31,67.78,2,0,0.00,0,0,0,Yes,"Zenith Connect",7.36,No,3.10,No,Active,0
NXT-100010,2025-09-01,23,14.23,178.90,103.00,0.00,0.00,4.58,9.20,0.0172,80.10,68.10,58.70,57.50,5.57,0.00,4.31,67.38,2,0,0.00,1,0,0,Yes,"Zenith Connect",13.65,No,3.20,No,Active,0
NXT-100010,2025-10-01,24,11.14,313.40,4.00,0.00,0.00,4.75,159.00,0.0210,72.50,60.20,60.50,57.50,5.25,0.00,4.31,67.06,0,0,0.00,0,0,1,Yes,"Globacom Prime",9.16,No,2.60,No,Active,0
NXT-100010,2025-11-01,25,2.18,276.80,125.00,0.00,0.00,2.18,25.00,0.0221,84.10,63.50,63.10,57.50,11.63,15.00,4.31,58.44,5,0,0.00,0,0,0,Yes,"9Wave Telecom",7.29,No,3.00,No,Active,0
NXT-100010,2025-12-01,26,11.28,186.70,0.00,0.00,0.00,5.93,53.50,0.0414,71.20,57.60,NULL,57.50,0.00,5.00,4.31,56.81,1,0,0.00,1,0,0,Yes,"9Wave Telecom",-10.95,Yes,4.70,No,Active,0
NXT-100011,2025-01-01,0,20.54,343.20,40.00,0.00,0.00,3.91,8.70,0.0343,73.70,74.00,80.40,66.50,7.22,0.00,4.99,78.71,0,0,0.00,0,0,0,Yes,"AirLink Mobile",9.83,No,3.90,No,Active,0
NXT-100011,2025-02-01,1,7.18,157.60,30.00,0.00,0.00,2.58,10.20,0.0036,82.60,75.60,65.20,66.50,3.79,0.00,4.99,75.28,0,0,0.00,1,1,1,No,,NULL,No,NULL,No,Active,0
NXT-100011,2025-03-01,2,5.56,286.10,15.00,0.00,0.00,8.90,46.30,0.0256,76.00,72.50,69.20,66.50,3.39,0.00,4.99,74.88,1,0,0.00,0,0,0,No,,NULL,No,NULL,No,Active,0
NXT-100011,2025-04-01,3,0.70,329.60,138.00,0.00,0.00,4.79,38.50,0.0211,NULL,63.80,63.80,66.50,4.34,0.00,4.99,75.83,0,0,0.00,0,0,0,Yes,"9Wave Telecom",-6.00,No,4.00,No,Active,0
NXT-100011,2025-05-01,4,14.36,386.10,65.00,0.00,0.00,3.07,99.30,0.0218,79.40,61.40,66.00,66.50,0.00,0.00,4.99,71.49,0,0,0.00,1,0,0,No,,NULL,No,NULL,No,Active,0
NXT-100011,2025-06-01,5,14.25,255.10,100.00,0.00,0.00,2.16,25.30,0.0342,73.00,61.90,71.00,66.50,12.32,0.00,4.99,83.81,1,0,0.00,0,1,0,No,,NULL,No,NULL,No,Active,0
NXT-100011,2025-07-01,6,9.47,361.50,81.00,0.00,0.00,3.86,62.50,0.0299,76.20,73.60,64.20,66.50,0.00,0.00,4.99,71.49,1,0,0.00,1,0,0,No,,NULL,No,NULL,No,Active,0
NXT-100011,2025-08-01,7,19.57,376.60,17.00,0.00,0.00,3.14,20.10,0.0095,73.10,76.80,61.00,66.50,2.99,0.00,4.99,74.48,1,0,0.00,0,1,0,No,,NULL,No,NULL,No,Active,0
NXT-100011,2025-09-01,8,5.62,154.60,82.00,0.00,0.00,5.56,15.40,0.0399,73.00,75.70,71.80,66.50,0.00,0.00,4.99,71.49,3,0,0.00,0,1,0,No,,NULL,No,NULL,No,Active,0
NXT-100011,2025-10-01,9,12.06,266.80,66.00,0.00,0.00,5.68,34.70,0.0266,74.10,72.30,64.60,66.50,0.00,0.00,4.99,71.49,5,0,0.00,0,0,0,No,,NULL,No,NULL,No,Active,0
NXT-100011,2025-11-01,10,22.63,106.80,0.00,0.00,0.00,2.58,116.40,0.0153,67.30,63.80,NULL,66.50,9.43,0.00,4.99,80.92,1,0,0.00,1,0,0,No,,NULL,No,NULL,No,Active,0
NXT-100011,2025-12-01,11,8.27,185.20,144.00,0.00,0.00,3.20,73.10,0.0350,71.70,71.00,71.90,66.50,0.00,0.00,4.99,71.49,2,0,0.00,1,0,0,No,,NULL,No,NULL,No,Active,0
NXT-100012,2024-05-01,0,8.10,337.00,60.00,0.00,0.00,1.49,13.80,0.0201,77.50,70.70,62.40,63.50,0.00,0.00,4.76,68.26,2,0,0.00,1,0,0,Yes,MTN-X,-13.77,No,4.50,No,Active,0
NXT-100012,2024-06-01,1,20.67,243.10,136.00,0.00,0.00,2.71,60.30,0.0382,71.60,62.10,52.80,63.50,0.00,0.00,4.76,68.26,3,0,0.00,0,0,0,Yes,"9Wave Telecom",13.84,Yes,2.90,No,Active,0
NXT-100012,2024-07-01,2,6.52,247.50,164.00,0.00,0.00,4.31,1.40,0.0109,78.70,73.80,60.10,63.50,0.00,0.00,4.76,68.26,0,0,0.00,0,0,1,Yes,"AirLink Mobile",-0.01,No,3.60,No,ACTIVE,0
NXT-100012,2024-08-01,3,10.95,220.10,46.00,0.00,0.00,4.16,27.40,0.0271,72.70,68.20,60.30,63.50,0.88,5.00,4.76,64.14,1,0,0.00,0,2,0,Yes,"Globacom Prime",13.28,No,2.50,No,Active,0
NXT-100012,2024-09-01,4,6.34,226.70,125.00,0.00,0.00,2.22,12.30,0.0185,69.50,71.40,56.70,63.50,5.96,0.00,4.76,74.22,5,0,0.00,0,1,0,Yes,"Globacom Prime",6.68,Yes,4.60,No,Active,0
NXT-100012,2024-10-01,5,8.59,290.80,78.00,0.00,0.00,1.82,33.10,0.0131,69.90,67.40,69.30,63.50,4.91,0.00,4.76,NULL,3,0,0.00,1,0,0,Yes,"Zenith Connect",7.78,No,3.60,No,Active,0
NXT-100012,2024-11-01,6,15.61,305.70,89.00,0.00,0.00,8.17,39.80,0.0262,72.00,68.50,NULL,63.50,5.13,5.00,4.76,68.39,0,0,0.00,1,1,0,Yes,"9Wave Telecom",10.23,No,3.50,No,Active,0
NXT-100012,2024-12-01,7,5.00,235.70,148.00,0.00,0.00,5.83,33.20,0.0299,69.70,58.50,61.20,63.50,0.58,0.00,4.76,68.84,0,0,0.00,5,0,0,Yes,"AirLink Mobile",0.78,Yes,3.10,No,Active,0
NXT-100012,2025-01-01,8,10.97,189.70,131.00,0.00,0.00,3.60,11.80,0.0301,74.40,74.00,63.20,63.50,0.00,0.00,4.76,68.26,0,0,0.00,0,1,0,Yes,MTN-X,19.09,No,NULL,No,Active,0
NXT-100012,2025-02-01,9,5.11,218.10,128.00,0.00,0.00,1.48,135.00,0.0205,78.60,69.80,54.90,63.50,1.81,0.00,4.76,70.07,0,0,0.00,1,0,1,Yes,"Globacom Prime",-2.33,No,4.40,No,Active,0
NXT-100012,2025-03-01,10,12.79,334.80,169.00,0.00,0.00,3.16,116.60,0.0411,69.50,62.40,61.10,63.50,6.96,0.00,4.76,75.22,0,0,0.00,1,2,2,Yes,"9Wave Telecom",NULL,Yes,4.30,No,Active,0
NXT-100012,2025-04-01,11,19.77,238.60,46.00,0.00,0.00,4.82,1.60,0.0079,83.80,60.10,35.10,63.50,4.16,0.00,4.76,72.42,3,0,0.00,3,0,0,Yes,"AirLink Mobile",1.42,No,3.90,No,ACTIVE,0
NXT-100012,2025-05-01,12,3.09,204.10,274.00,0.00,0.00,5.29,173.40,0.0350,70.40,59.70,55.00,63.50,5.36,0.00,4.76,73.62,0,0,0.00,1,0,1,Yes,"9Wave Telecom",9.87,No,4.70,No,Active,0
NXT-100012,2025-06-01,13,17.35,134.80,86.00,0.00,0.00,5.85,18.00,0.0115,71.10,72.80,64.10,63.50,10.18,0.00,4.76,78.44,2,0,0.00,4,1,1,Yes,MTN-X,-8.96,No,2.60,Yes,Active,0
NXT-100012,2025-07-01,14,20.15,170.70,0.00,0.00,0.00,5.58,16.20,0.0149,66.60,68.30,60.40,63.50,2.32,0.00,4.76,NULL,0,0,0.00,0,1,1,Yes,"9Wave Telecom",2.83,Yes,3.60,No,Churned,0
NXT-100013,2024-01-01,0,12.29,200.60,57.00,0.00,0.00,4.45,86.40,0.0159,72.60,74.60,74.10,51.50,9.44,0.00,3.86,64.80,3,0,0.00,0,0,0,No,,NULL,No,NULL,No,Active,0
NXT-100013,2024-02-01,1,3.43,144.20,173.00,0.00,0.00,5.40,47.70,0.0257,73.00,75.20,77.30,51.50,0.00,0.00,3.86,55.36,1,0,0.00,0,0,0,No,,NULL,No,NULL,No,Active,0
NXT-100013,2024-03-01,2,15.07,214.90,49.00,0.00,0.00,4.42,27.40,0.0215,70.30,75.90,74.30,51.50,9.22,0.00,3.86,64.58,0,0,0.00,1,0,0,No,,NULL,No,NULL,No,Active,0
NXT-100013,2024-04-01,3,27.45,276.70,64.00,0.00,0.00,2.77,117.30,0.0158,77.90,81.40,77.80,51.50,10.96,0.00,3.86,66.32,1,0,0.00,1,0,0,No,,NULL,No,NULL,No,Active,0
NXT-100013,2024-05-01,4,9.94,203.20,141.00,0.00,0.00,8.12,90.80,0.0224,82.10,77.50,73.40,51.50,5.71,0.00,3.86,61.07,0,0,0.00,1,0,0,No,,NULL,No,NULL,No,Active,0
NXT-100013,2024-06-01,5,5.48,123.00,99.00,0.00,0.00,3.99,47.70,0.0296,64.10,75.80,88.00,51.50,6.64,0.00,3.86,62.00,3,0,0.00,0,1,0,No,,NULL,No,NULL,No,Active,0
NXT-100013,2024-07-01,6,17.28,251.10,158.00,0.00,0.00,1.21,9.90,0.0184,84.00,81.20,81.10,51.50,11.68,0.00,3.86,67.04,1,0,0.00,1,1,0,No,,NULL,No,NULL,No,Active,0
NXT-100013,2024-08-01,7,9.21,253.30,63.00,0.00,0.00,1.44,1.60,0.0369,71.20,75.00,78.60,51.50,0.99,0.00,3.86,56.35,0,0,0.00,1,0,0,No,,NULL,No,NULL,No,Active,0
NXT-100013,2024-09-01,8,13.07,239.00,106.00,0.00,0.00,3.40,33.50,0.0038,81.40,79.80,80.90,51.50,0.00,0.00,3.86,55.36,0,0,0.00,0,0,0,No,,NULL,No,NULL,No,Active,0
NXT-100013,2024-10-01,9,19.62,168.40,59.00,0.00,0.00,3.35,53.30,0.0141,76.80,72.70,79.10,51.50,0.00,0.00,3.86,55.36,0,0,0.00,0,1,0,No,,NULL,No,NULL,No,Active,0
NXT-100013,2024-11-01,10,5.21,327.90,113.00,0.00,0.00,5.18,65.90,0.0203,73.20,73.50,71.20,51.50,8.30,0.00,3.86,63.66,1,0,0.00,0,0,0,No,,NULL,No,NULL,No,Active,0
NXT-100013,2024-12-01,11,4.16,136.50,62.00,0.00,0.00,5.86,58.90,0.0253,77.00,72.30,70.10,51.50,5.28,0.00,3.86,60.64,3,0,0.00,0,0,0,Yes,MTN-X,-7.67,No,4.10,No,Active,0
NXT-100013,2025-01-01,12,5.25,216.70,127.00,0.00,0.00,0.50,23.00,0.0086,76.50,70.20,73.80,51.50,0.00,0.00,3.86,55.36,0,0,0.00,0,0,0,No,,NULL,No,NULL,No,Active,0
NXT-100013,2025-02-01,13,7.91,386.10,135.00,0.00,0.00,5.58,115.20,0.0293,80.50,75.40,71.10,51.50,13.41,0.00,3.86,NULL,1,0,0.00,1,0,0,No,,NULL,No,NULL,No,Active,0
NXT-100013,2025-03-01,14,4.62,381.70,115.00,0.00,0.00,2.61,47.10,0.0333,75.10,70.40,75.60,51.50,9.33,0.00,3.86,64.69,3,0,0.00,0,0,0,No,,NULL,No,NULL,No,Active,0
NXT-100013,2025-04-01,15,4.50,256.40,45.00,0.00,0.00,4.91,3.70,0.0197,86.10,81.20,75.60,51.50,0.88,0.00,3.86,56.24,1,0,0.00,0,0,0,No,,NULL,No,NULL,No,Active,0
NXT-100013,2025-05-01,16,13.34,193.00,97.00,0.00,0.00,7.23,174.00,0.0197,75.00,69.90,NULL,51.50,4.07,0.00,3.86,59.43,0,0,0.00,1,1,0,No,,NULL,No,NULL,No,Active,0
NXT-100013,2025-06-01,17,10.64,94.20,19.00,0.00,0.00,4.05,2.70,0.0268,77.50,79.20,65.10,51.50,5.94,0.00,3.86,61.30,0,0,0.00,0,1,0,No,,NULL,No,NULL,No,active,0
NXT-100013,2025-07-01,18,16.82,186.20,93.00,0.00,0.00,4.30,23.40,0.0327,73.50,66.80,80.00,51.50,4.11,0.00,3.86,59.47,1,0,0.00,0,0,0,No,,NULL,No,NULL,No,Active,0
NXT-100013,2025-08-01,19,6.64,238.90,0.00,0.00,0.00,4.15,65.80,0.0164,80.50,80.10,74.80,51.50,15.28,0.00,3.86,70.64,0,0,0.00,1,1,0,No,,NULL,No,NULL,No,Active,0
NXT-100013,2025-09-01,20,18.47,187.30,130.00,0.00,0.00,3.70,5.60,0.0129,81.40,78.70,74.20,51.50,1.49,0.00,3.86,56.85,3,0,0.00,0,0,0,No,,NULL,No,NULL,No,Active,0
NXT-100013,2025-10-01,21,12.74,415.70,116.00,0.00,0.00,7.47,88.40,0.0264,78.10,76.10,74.30,51.50,2.86,0.00,3.86,58.22,0,0,0.00,0,0,1,No,,NULL,No,NULL,No,Active,0
NXT-100013,2025-11-01,22,0.00,203.10,112.00,0.00,0.00,4.89,11.90,0.0084,84.60,85.50,79.90,51.50,9.15,0.00,3.86,64.51,2,0,0.00,1,0,0,No,,NULL,No,NULL,No,Active,0
NXT-100013,2025-12-01,23,22.74,254.60,78.00,0.00,0.00,2.72,82.00,0.0218,80.30,80.30,83.80,51.50,7.51,5.00,3.86,57.87,4,0,0.00,0,0,0,No,,NULL,No,NULL,No,Active,0
NXT-100014,2024-07-01,0,1.74,163.80,132.00,0.00,0.00,6.91,27.20,0.0136,74.50,72.20,77.60,67.00,4.85,0.00,5.02,76.87,10,0,0.00,0,0,0,No,,NULL,No,NULL,No,Active,0
NXT-100014,2024-08-01,1,13.03,177.70,43.00,0.00,0.00,2.30,13.90,0.0154,76.30,74.40,71.50,67.00,0.00,0.00,5.02,72.02,1,0,0.00,0,0,1,No,,NULL,No,NULL,No,Active,0
NXT-100014,2024-09-01,2,4.23,267.60,240.00,0.00,0.00,3.75,16.10,0.0116,79.80,85.50,73.60,67.00,0.25,0.00,5.02,72.27,1,0,0.00,1,1,1,Yes,MTN-X,2.64,No,3.30,Yes,Active,0
NXT-100014,2024-10-01,3,22.36,236.70,38.00,0.00,0.00,6.07,10.20,0.0297,67.50,70.00,71.80,67.00,0.00,0.00,5.02,72.02,2,0,0.00,0,1,0,No,,NULL,No,NULL,No,Active,0
NXT-100014,2024-11-01,4,7.63,170.40,0.00,0.00,0.00,3.84,66.00,0.0157,77.60,58.70,69.50,67.00,0.00,0.00,5.02,72.02,2,0,0.00,0,0,0,Yes,"Zenith Connect",13.28,No,3.60,No,Active,0
NXT-100014,2024-12-01,5,16.69,152.70,64.00,0.00,0.00,2.04,3.00,0.0316,68.50,63.20,69.10,67.00,3.53,10.00,5.02,65.55,0,0,0.00,0,0,1,No,,NULL,No,NULL,No,Active,0
NXT-100014,2025-01-01,6,9.13,254.00,98.00,0.00,0.00,1.59,23.70,0.0178,73.30,68.20,61.80,67.00,8.08,5.00,5.02,75.10,1,0,0.00,0,0,0,No,,NULL,No,NULL,No,Active,0
NXT-100014,2025-02-01,7,19.30,151.20,63.00,0.00,0.00,2.93,18.20,0.0249,74.10,62.30,72.90,67.00,5.47,0.00,5.02,77.49,0,0,0.00,0,0,0,No,,NULL,No,NULL,No,Active,0
NXT-100014,2025-03-01,8,6.83,294.40,13.00,0.00,0.00,0.78,91.80,0.0363,73.60,73.70,72.10,67.00,4.38,0.00,5.02,76.40,3,0,NULL,0,0,0,Yes,"9Wave Telecom",-14.67,No,4.30,No,Active,0
NXT-100014,2025-04-01,9,11.84,389.90,151.00,0.00,0.00,3.72,8.60,0.0344,70.80,68.00,74.10,67.00,7.99,0.00,5.02,80.01,0,0,0.00,0,1,0,No,,NULL,No,NULL,No,Active,0
NXT-100014,2025-05-01,10,19.42,244.30,164.00,0.00,0.00,0.85,15.60,0.0313,74.70,67.70,59.30,67.00,15.18,0.00,5.02,87.20,2,0,0.00,0,0,0,No,,NULL,No,NULL,No,Active,0
NXT-100014,2025-06-01,11,6.90,157.40,24.00,0.00,0.00,2.39,10.90,0.0071,79.80,79.20,69.90,67.00,3.44,0.00,5.02,75.46,0,0,0.00,0,0,0,Yes,"9Wave Telecom",19.96,No,2.60,No,Active,0
NXT-100014,2025-07-01,12,2.03,183.80,0.00,0.00,0.00,6.55,30.60,0.0205,81.50,64.40,59.00,67.00,8.67,0.00,5.02,80.69,0,0,0.00,0,0,0,No,,NULL,No,NULL,No,Active,0
NXT-100014,2025-08-01,13,17.85,200.20,186.00,0.00,0.00,5.74,1.90,0.0063,75.80,76.50,65.60,67.00,9.36,0.00,5.02,81.38,0,0,0.00,2,0,0,No,,NULL,No,NULL,No,Active,0
NXT-100014,2025-09-01,14,14.42,313.80,168.00,0.00,0.00,6.11,15.40,0.0209,75.40,78.30,72.30,67.00,2.17,0.00,5.02,74.19,3,0,0.00,0,0,0,No,,NULL,No,NULL,No,Active,0
NXT-100014,2025-10-01,15,13.06,203.70,22.00,0.00,0.00,1.38,3.30,0.0474,66.60,68.00,76.40,67.00,4.76,0.00,5.02,76.78,0,0,0.00,0,0,0,No,,NULL,No,NULL,No,Active,0
NXT-100014,2025-11-01,16,7.13,247.70,53.00,0.00,0.00,5.20,112.50,0.0159,74.30,73.10,76.00,67.00,0.00,0.00,5.02,72.02,3,0,0.00,1,0,0,No,,NULL,No,NULL,No,Active,0
NXT-100014,2025-12-01,17,12.99,359.00,89.00,0.00,0.00,7.32,51.70,0.0350,60.00,55.90,64.60,67.00,0.00,0.00,5.02,72.02,2,0,0.00,0,0,0,No,,NULL,No,NULL,No,Active,0
NXT-100015,2025-08-01,0,10.06,239.20,204.00,0.00,0.00,4.26,50.80,0.0088,67.00,70.00,66.60,43.50,5.46,0.00,3.26,52.22,0,0,0.00,1,0,0,Yes,MTN-X,-10.32,No,4.70,No,Active,0
NXT-100015,2025-09-01,1,14.79,186.10,0.00,0.00,0.00,2.78,27.00,0.0246,75.50,84.10,77.90,43.50,0.00,5.00,3.26,41.76,1,0,0.00,1,0,1,Yes,"9Wave Telecom",11.86,No,2.60,No,Active,0
NXT-100015,2025-10-01,2,16.28,358.50,36.00,0.00,0.00,8.06,137.90,0.0159,73.20,71.20,70.10,43.50,12.20,15.00,3.26,43.96,2,0,0.00,0,0,0,Yes,"Zenith Connect",-7.64,Yes,4.20,Yes,Active,0
NXT-100015,2025-11-01,3,6.53,278.20,55.00,0.00,0.00,8.05,96.20,0.0172,75.10,71.00,71.50,43.50,0.00,0.00,3.26,46.76,5,0,0.00,1,0,0,Yes,"9Wave Telecom",10.57,Yes,4.70,No,Active,0
NXT-100015,2025-12-01,4,5.32,304.90,39.00,0.00,0.00,3.98,78.20,0.0153,77.30,76.30,71.70,43.50,5.44,0.00,3.26,52.20,1,0,0.00,1,0,1,Yes,MTN-X,15.13,Yes,4.00,No,Active,0
NXT-100016,2024-03-01,0,16.41,308.00,135.00,28.00,0.00,3.64,42.70,0.0362,74.20,52.40,35.70,43.50,5.40,0.00,3.26,52.16,4,0,0.00,0,0,1,No,,NULL,No,NULL,No,Active,0
NXT-100016,2024-04-01,1,4.10,246.60,127.00,6.70,0.00,1.62,1.80,0.0286,79.70,58.50,44.90,43.50,8.95,0.00,3.26,55.71,1,0,0.00,1,0,0,No,,NULL,No,NULL,No,Active,0
NXT-100016,2024-05-01,2,5.33,168.80,167.00,24.00,0.00,2.09,22.60,0.0242,73.40,59.20,47.10,43.50,0.51,10.00,3.26,37.27,3,0,0.00,0,0,0,No,,NULL,No,NULL,No,Active,0
NXT-100016,2024-06-01,3,8.35,422.40,72.00,5.50,0.00,7.74,19.30,0.0143,71.10,56.90,37.00,43.50,0.09,0.00,3.26,46.85,0,0,0.00,1,0,0,No,,NULL,No,NULL,No,Active,0
NXT-100016,2024-07-01,4,8.43,177.50,51.00,0.00,0.00,2.56,21.00,0.0359,68.70,65.30,46.20,43.50,4.36,0.00,3.26,51.12,8,0,0.00,0,0,0,No,,NULL,No,NULL,No,Active,0
NXT-100016,2024-08-01,5,3.61,345.70,112.00,29.90,0.00,0.81,45.00,0.0353,68.50,54.40,42.20,43.50,2.59,0.00,3.26,49.35,4,0,0.00,0,0,0,No,,NULL,No,NULL,No,Active,0
NXT-100016,2024-09-01,6,17.87,213.30,58.00,16.00,0.00,4.65,28.40,0.0382,70.70,66.50,57.40,43.50,8.48,0.00,3.26,55.24,0,0,0.00,0,0,0,Yes,"Zenith Connect",-5.49,No,2.80,No,Active,0
NXT-100016,2024-10-01,7,15.20,271.90,24.00,44.60,0.00,5.53,56.30,0.0070,NULL,47.00,32.80,43.50,7.80,0.00,3.26,54.56,14,0,0.00,0,1,0,No,,NULL,No,NULL,No,Active,0
NXT-100016,2024-11-01,8,12.46,247.90,83.00,49.10,0.00,2.44,86.60,0.0295,63.10,59.00,51.50,43.50,5.82,0.00,3.26,NULL,1,0,0.00,0,0,0,Yes,"9Wave Telecom",-12.17,No,4.00,No,Active,0
NXT-100016,2024-12-01,9,27.28,165.40,147.00,37.60,0.00,1.99,45.10,0.0105,69.30,63.90,48.80,43.50,2.66,0.00,3.26,49.42,7,0,0.00,1,0,0,No,,NULL,No,NULL,No,Active,0
NXT-100016,2025-01-01,10,18.83,226.20,207.00,6.50,0.00,3.98,65.40,0.0196,68.60,48.90,49.30,43.50,0.49,0.00,3.26,NULL,3,0,0.00,0,0,0,Yes,"9Wave Telecom",-8.76,Yes,3.50,No,Active,0
NXT-100016,2025-02-01,11,8.83,202.40,95.00,12.50,0.00,3.11,69.70,0.0154,69.80,67.80,49.80,43.50,0.00,0.00,3.26,46.76,8,0,0.00,0,0,0,No,,NULL,No,NULL,No,Active,0
NXT-100016,2025-03-01,12,18.82,37.90,128.00,15.80,0.00,2.46,11.40,0.0174,59.90,51.70,53.70,43.50,9.71,0.00,3.26,56.47,1,0,0.00,0,0,0,Yes,"Zenith Connect",-3.93,No,4.80,No,Active,0
NXT-100016,2025-04-01,13,4.79,211.00,84.00,0.00,0.00,0.50,3.20,0.0229,72.70,49.00,44.00,43.50,0.00,5.00,3.26,41.76,1,0,0.00,0,0,0,No,,NULL,No,NULL,No,Active,0
NXT-100016,2025-05-01,14,12.60,194.40,40.00,26.80,0.00,0.50,82.10,0.0349,68.60,61.40,58.00,43.50,0.00,0.00,3.26,46.76,8,0,0.00,0,0,0,No,,NULL,No,NULL,No,Active,0
NXT-100016,2025-06-01,15,6.35,323.70,53.00,19.50,0.00,1.82,29.00,0.0095,63.50,54.80,45.10,43.50,1.99,0.00,3.26,48.75,6,0,0.00,0,0,0,No,,NULL,No,NULL,No,Active,0
NXT-100016,2025-07-01,16,15.21,160.70,0.00,5.70,0.00,5.57,86.40,0.0206,70.40,55.50,44.80,43.50,6.68,0.00,3.26,53.44,7,0,0.00,0,0,0,Yes,"AirLink Mobile",-10.99,No,NULL,No,Active,0
NXT-100016,2025-08-01,17,1.02,320.70,48.00,12.50,0.00,0.50,5.50,0.0081,65.10,61.80,56.70,43.50,6.05,0.00,3.26,52.81,2,0,0.00,0,0,0,No,,NULL,No,NULL,No,Active,0
NXT-100016,2025-09-01,18,13.78,370.50,140.00,22.70,0.00,5.25,0.40,0.0386,65.90,51.40,50.90,43.50,1.38,0.00,3.26,48.14,0,0,0.00,0,0,0,No,,NULL,No,NULL,No,Active,0
NXT-100016,2025-10-01,19,3.67,175.90,97.00,2.70,0.00,5.44,2.10,0.0368,71.30,53.10,40.60,43.50,2.39,0.00,3.26,49.15,8,0,0.00,0,0,0,No,,NULL,No,NULL,No,active,0
NXT-100016,2025-11-01,20,5.76,226.60,34.00,46.60,0.00,0.50,26.80,0.0273,62.80,60.90,48.50,43.50,5.97,0.00,3.26,52.73,2,0,0.00,0,0,0,No,,NULL,No,NULL,No,Active,0
NXT-100016,2025-12-01,21,20.78,267.70,104.00,34.50,0.00,4.57,1.50,0.0109,73.10,69.40,54.80,43.50,3.54,0.00,3.26,50.30,1,0,0.00,0,0,0,Yes,"Globacom Prime",-6.56,No,3.20,No,Active,0
NXT-100017,2023-03-01,0,1.40,312.30,61.00,38.60,0.00,7.40,15.80,0.0036,94.70,70.20,48.00,50.00,0.00,0.00,3.75,53.75,0,0,0.00,0,0,0,Yes,MTN-X,6.39,No,2.60,No,Active,0
NXT-100017,2023-04-01,1,8.50,208.30,90.00,0.00,0.00,5.30,1.70,0.0020,92.50,69.80,55.60,50.00,7.21,0.00,3.75,60.96,0,0,0.00,0,0,0,Yes,MTN-X,-2.04,Yes,4.50,No,Active,0
NXT-100017,2023-05-01,2,0.00,368.70,145.00,0.00,0.00,6.49,3.10,0.0196,85.70,69.00,54.90,50.00,0.00,0.00,3.75,53.75,0,0,0.00,1,0,0,Yes,MTN-X,10.60,Yes,3.50,No,Active,0
NXT-100017,2023-06-01,3,4.75,283.10,49.00,7.40,0.00,4.19,12.50,0.0070,92.90,69.90,53.70,50.00,0.00,0.00,3.75,53.75,4,0,0.00,0,0,0,Yes,"Globacom Prime",19.45,Yes,3.20,No,Active,0
NXT-100017,2023-07-01,4,5.61,284.50,56.00,18.80,0.00,4.70,4.10,0.0057,95.70,70.60,60.20,50.00,2.07,10.00,3.75,45.82,0,0,0.00,1,0,0,Yes,"Globacom Prime",15.46,No,3.00,No,Active,0
NXT-100017,2023-08-01,5,0.00,286.90,184.00,22.30,0.00,4.24,42.70,0.0196,86.90,73.70,60.00,50.00,6.08,0.00,3.75,59.83,0,0,0.00,0,0,0,Yes,"Zenith Connect",-2.44,Yes,4.40,No,Active,0
NXT-100017,2023-09-01,6,0.00,369.60,36.00,28.60,0.00,3.61,24.90,0.0060,94.90,71.50,42.30,50.00,9.16,0.00,3.75,62.91,0,0,0.00,0,0,0,Yes,"Zenith Connect",13.48,No,4.00,No,Active,0
NXT-100017,2023-10-01,7,0.00,277.00,136.00,3.20,0.00,4.82,6.90,0.0010,98.10,71.70,45.00,50.00,0.00,0.00,3.75,53.75,5,0,0.00,0,0,0,Yes,"Globacom Prime",-2.05,No,3.80,No,Active,0
NXT-100017,2023-11-01,8,0.00,255.60,0.00,0.00,0.00,5.18,8.20,0.0221,82.40,63.70,41.50,50.00,7.95,10.00,3.75,51.70,8,0,NULL,0,2,0,Yes,MTN-X,-10.48,No,3.00,No,Active,0
NXT-100017,2023-12-01,9,4.41,68.90,27.00,45.30,0.00,4.89,23.20,0.0047,93.50,70.40,51.70,50.00,6.24,0.00,3.75,59.99,0,0,0.00,0,0,0,Yes,"9Wave Telecom",4.89,Yes,3.30,No,Active,0
NXT-100017,2024-01-01,10,0.00,318.50,101.00,4.60,0.00,2.32,2.80,0.0216,85.40,65.30,52.40,50.00,2.59,15.00,3.75,NULL,1,0,0.00,1,0,0,Yes,"9Wave Telecom",2.67,Yes,4.50,No,Active,0
NXT-100017,2024-02-01,11,12.05,172.60,39.00,48.00,0.00,5.41,48.30,0.0061,90.70,75.70,52.10,50.00,1.77,0.00,3.75,NULL,1,0,0.00,0,0,0,Yes,"9Wave Telecom",10.56,No,3.60,No,Active,0
NXT-100017,2024-03-01,12,0.00,280.10,151.00,48.90,0.00,2.16,18.10,0.0025,90.50,79.40,57.50,50.00,5.28,0.00,3.75,59.03,2,0,0.00,0,0,0,Yes,"Zenith Connect",0.06,No,3.60,No,Active,0
NXT-100017,2024-04-01,13,6.32,60.70,126.00,0.00,0.00,0.50,6.90,0.0083,86.80,76.00,51.40,50.00,6.67,0.00,3.75,60.42,3,0,0.00,1,0,0,Yes,"9Wave Telecom",NULL,No,3.50,No,Active,0
NXT-100017,2024-05-01,14,0.00,308.50,0.00,2.60,0.00,2.61,8.90,0.0055,92.80,77.00,51.20,50.00,8.04,0.00,3.75,61.79,0,0,0.00,0,0,0,Yes,"Globacom Prime",15.86,Yes,3.60,No,Active,0
NXT-100017,2024-06-01,15,0.00,295.10,62.00,12.70,0.00,5.08,26.40,0.0036,91.80,73.80,56.30,50.00,1.15,0.00,3.75,54.90,2,0,0.00,1,1,0,Yes,"Globacom Prime",-0.35,Yes,4.50,No,Active,0
NXT-100017,2024-07-01,16,14.20,81.90,117.00,31.80,0.00,3.04,2.50,0.0051,95.50,80.70,46.80,50.00,5.23,0.00,3.75,58.98,6,0,0.00,0,0,0,Yes,"AirLink Mobile",-7.27,No,3.10,No,Active,0
NXT-100017,2024-08-01,17,0.00,211.70,84.00,25.50,0.00,4.28,9.60,0.0013,96.30,71.80,55.00,50.00,1.54,0.00,3.75,55.29,0,0,0.00,0,0,0,Yes,"Zenith Connect",-9.90,Yes,4.50,No,Active,0
NXT-100017,2024-09-01,18,0.00,25.30,73.00,0.00,0.00,5.66,103.70,0.0019,96.80,79.00,47.90,50.00,0.00,0.00,3.75,53.75,1,0,0.00,0,1,0,Yes,MTN-X,16.27,No,2.70,No,Active,0
NXT-100017,2024-10-01,19,0.00,24.70,131.00,21.10,0.00,7.85,1.10,0.0096,89.20,60.50,39.70,50.00,2.17,0.00,3.75,55.92,1,0,0.00,0,0,0,Yes,MTN-X,-7.94,No,3.50,No,Active,0
NXT-100017,2024-11-01,20,0.98,258.40,69.00,24.30,0.00,3.20,17.20,0.0012,98.00,78.90,55.10,50.00,5.88,0.00,3.75,59.63,2,0,0.00,0,0,0,Yes,"Zenith Connect",-5.24,Yes,4.00,No,Active,0
NXT-100017,2024-12-01,21,0.00,330.10,85.00,10.80,0.00,2.81,15.50,0.0000,100.00,69.80,53.20,50.00,6.16,0.00,3.75,59.91,0,0,0.00,1,0,0,Yes,MTN-X,-7.70,Yes,3.80,No,Active,0
NXT-100017,2025-01-01,22,11.40,265.60,124.00,41.20,0.00,5.61,5.50,0.0078,92.50,73.10,46.60,50.00,6.32,0.00,3.75,60.07,0,0,0.00,0,0,0,Yes,"Globacom Prime",-7.62,Yes,3.20,No,Active,0
NXT-100017,2025-02-01,23,0.64,266.80,16.00,6.80,0.00,5.01,28.70,0.0015,94.50,67.80,54.20,50.00,0.00,0.00,3.75,53.75,1,0,0.00,1,0,0,Yes,"Zenith Connect",3.53,No,4.30,No,Active,0
NXT-100017,2025-03-01,24,1.79,190.60,0.00,29.10,0.00,4.31,124.80,0.0024,90.80,69.60,47.60,50.00,0.00,0.00,3.75,53.75,9,0,0.00,0,0,0,Yes,"Zenith Connect",-5.63,No,2.50,No,Active,0
NXT-100017,2025-04-01,25,6.19,321.50,35.00,2.30,0.00,0.59,12.20,0.0076,91.70,64.60,42.40,50.00,4.07,0.00,3.75,57.82,3,0,0.00,0,0,0,Yes,"Zenith Connect",10.18,Yes,3.60,No,Active,0
NXT-100017,2025-05-01,26,0.00,296.30,72.00,6.70,0.00,3.15,41.50,0.0042,94.60,76.60,53.40,50.00,0.76,0.00,3.75,54.51,1,0,0.00,0,1,0,Yes,MTN-X,7.65,No,2.70,No,Active,0
NXT-100017,2025-06-01,27,5.67,229.10,121.00,12.20,0.00,5.12,45.00,0.0041,93.20,70.60,54.30,50.00,0.00,0.00,3.75,53.75,1,0,0.00,0,1,0,Yes,"Globacom Prime",14.54,No,4.10,No,Active,0
NXT-100017,2025-07-01,28,0.00,366.80,80.00,37.80,0.00,2.54,21.10,0.0140,82.30,59.10,47.30,50.00,0.00,0.00,3.75,53.75,13,0,0.00,0,1,0,Yes,MTN-X,-8.19,No,3.80,No,Active,0
NXT-100017,2025-08-01,29,0.00,276.50,102.00,30.80,0.00,3.47,28.90,0.0177,85.20,63.80,45.50,50.00,4.23,0.00,3.75,57.98,6,0,0.00,0,0,0,Yes,"Zenith Connect",8.58,Yes,3.40,No,Active,0
NXT-100017,2025-09-01,30,0.00,0.00,106.00,48.20,0.00,4.11,11.10,0.0108,91.30,73.50,50.40,50.00,6.27,0.00,3.75,60.02,1,0,0.00,0,0,0,Yes,"9Wave Telecom",10.81,No,2.90,No,Active,0
NXT-100017,2025-10-01,31,3.04,309.90,1.00,11.80,0.00,7.49,36.40,0.0043,96.10,73.90,44.10,50.00,1.41,0.00,3.75,55.16,1,0,NULL,0,0,0,Yes,"AirLink Mobile",15.11,No,3.20,No,Active,0
NXT-100017,2025-11-01,32,0.00,197.40,58.00,9.30,0.00,4.39,40.60,0.0124,89.80,69.00,55.30,50.00,2.78,0.00,3.75,56.53,4,0,0.00,1,1,0,Yes,"Zenith Connect",3.89,No,3.40,No,Active,0
NXT-100017,2025-12-01,33,2.87,196.50,141.00,27.70,0.00,4.87,17.80,0.0119,91.20,80.20,60.10,50.00,0.00,0.00,3.75,53.75,0,0,0.00,0,0,1,Yes,"Zenith Connect",-0.28,Yes,2.60,No,Active,0
NXT-100018,2024-08-01,0,12.73,236.70,0.00,0.00,0.00,5.46,37.20,0.0115,68.60,77.40,77.10,26.50,7.65,0.00,1.99,36.14,0,0,0.00,0,0,0,Yes,MTN-X,-4.89,No,4.70,No,Active,0
NXT-100018,2024-09-01,1,12.66,288.40,0.00,0.00,0.00,5.20,67.10,0.0175,67.90,75.90,79.50,26.50,2.51,0.00,1.99,31.00,2,0,0.00,1,1,0,Yes,MTN-X,-6.20,Yes,3.80,No,Active,0
NXT-100018,2024-10-01,2,0.00,194.60,63.00,0.00,0.00,3.63,54.10,0.0481,66.20,72.30,74.60,26.50,0.00,0.00,1.99,28.49,3,0,0.00,2,0,0,Yes,"AirLink Mobile",4.28,Yes,3.30,No,Active,0
NXT-100018,2024-11-01,3,4.09,250.10,42.00,0.00,0.00,3.71,10.40,0.0298,65.10,69.10,72.80,26.50,0.00,0.00,1.99,28.49,0,0,0.00,0,1,2,Yes,"Globacom Prime",17.04,No,3.70,No,Active,0
NXT-100018,2024-12-01,4,2.68,382.80,97.00,0.00,0.00,6.29,64.20,0.0308,61.20,67.30,66.80,26.50,0.00,0.00,1.99,28.49,0,0,0.00,0,0,2,Yes,"Zenith Connect",0.53,No,4.20,Yes,Active,0
NXT-100018,2025-01-01,5,2.28,136.00,134.00,0.00,0.00,5.54,13.60,0.0378,73.30,68.50,75.30,26.50,8.11,0.00,1.99,36.60,1,0,0.00,2,0,1,Yes,"AirLink Mobile",5.84,No,4.60,No,Active,0
NXT-100018,2025-02-01,6,0.00,67.30,116.00,0.00,0.00,2.48,57.80,0.0131,72.60,77.10,75.30,26.50,14.77,0.00,1.99,43.26,0,0,0.00,2,0,1,Yes,"9Wave Telecom",7.91,Yes,4.30,No,Active,0
NXT-100018,2025-03-01,7,5.37,173.60,30.00,0.00,0.00,4.60,257.10,0.0509,61.70,75.00,71.60,26.50,1.86,0.00,1.99,30.35,0,0,0.00,1,0,2,Yes,MTN-X,-4.87,No,4.40,No,Active,0
NXT-100018,2025-04-01,8,2.24,240.90,61.00,0.00,0.00,4.64,157.10,0.0280,54.40,55.00,55.50,26.50,2.66,0.00,1.99,NULL,0,0,0.00,0,0,0,Yes,"AirLink Mobile",7.50,No,3.70,Yes,Churned,0
NXT-100019,2024-06-01,0,25.38,271.10,156.00,0.00,0.00,3.71,52.10,0.0189,76.00,89.40,78.30,36.50,0.00,0.00,2.74,39.24,0,0,NULL,0,0,0,No,,NULL,No,NULL,No,Active,0
NXT-100019,2024-07-01,1,11.53,97.70,63.00,0.00,0.00,3.36,17.10,0.0100,84.90,82.40,74.20,36.50,0.00,0.00,2.74,39.24,0,0,0.00,0,0,0,No,,NULL,No,NULL,No,Active,0
NXT-100019,2024-08-01,2,18.04,216.70,107.00,0.00,0.00,4.32,4.40,0.0303,72.00,84.00,94.90,36.50,13.20,0.00,2.74,52.44,1,0,0.00,0,0,0,No,,NULL,No,NULL,No,Active,0
NXT-100019,2024-09-01,3,13.17,203.30,209.00,0.00,0.00,5.72,41.20,0.0281,80.90,78.30,66.60,36.50,8.97,0.00,2.74,48.21,3,0,0.00,0,0,0,Yes,MTN-X,17.55,Yes,4.00,No,Active,0
NXT-100019,2024-10-01,4,7.29,136.10,0.00,0.00,0.00,5.98,30.40,0.0159,76.30,78.60,73.20,36.50,0.00,0.00,2.74,39.24,3,0,0.00,0,0,0,No,,NULL,No,NULL,No,active,0
NXT-100019,2024-11-01,5,17.41,146.30,9.00,0.00,0.00,1.81,47.60,0.0400,72.60,72.70,77.80,36.50,0.00,0.00,2.74,39.24,0,0,0.00,1,0,0,No,,NULL,No,NULL,No,Active,0
NXT-100019,2024-12-01,6,19.95,115.70,81.00,0.00,0.00,3.37,2.90,0.0108,82.80,77.70,67.80,36.50,6.15,0.00,2.74,45.39,5,0,NULL,0,0,2,No,,NULL,No,NULL,Yes,Active,0
NXT-100019,2025-01-01,7,21.08,295.70,29.00,0.00,0.00,3.78,34.80,0.0293,78.30,81.00,79.10,36.50,0.00,0.00,2.74,39.24,0,0,0.00,0,0,0,No,,NULL,No,NULL,No,Active,0
NXT-100019,2025-02-01,8,16.90,276.60,0.00,0.00,0.00,0.50,26.70,0.0238,77.10,79.50,78.40,36.50,10.64,0.00,2.74,49.88,0,0,0.00,0,0,0,No,,NULL,No,NULL,No,Active,0
NXT-100019,2025-03-01,9,7.57,265.80,50.00,0.00,0.00,4.88,3.00,0.0336,77.10,77.10,78.90,36.50,4.87,0.00,2.74,44.11,0,0,0.00,1,0,0,No,,NULL,No,NULL,No,Active,0
NXT-100019,2025-04-01,10,11.49,310.60,103.00,0.00,0.00,4.36,17.00,0.0286,78.60,87.80,84.70,36.50,0.00,0.00,2.74,39.24,2,0,0.00,0,0,0,Yes,"Zenith Connect",11.72,No,3.50,Yes,Active,0
NXT-100019,2025-05-01,11,10.44,158.90,83.00,0.00,0.00,4.33,39.60,0.0159,76.60,67.70,69.70,36.50,0.00,0.00,2.74,39.24,5,0,0.00,0,0,0,Yes,"AirLink Mobile",-0.54,Yes,4.10,No,Active,0
NXT-100019,2025-06-01,12,5.07,110.10,79.00,0.00,0.00,5.92,81.00,0.0233,83.70,87.00,80.30,36.50,7.35,0.00,2.74,46.59,1,0,0.00,0,1,0,No,,NULL,No,NULL,No,Active,0
NXT-100019,2025-07-01,13,10.79,371.00,0.00,0.00,0.00,5.65,5.80,0.0326,70.30,75.10,78.70,36.50,0.00,0.00,2.74,39.24,1,0,0.00,0,0,0,No,,NULL,No,NULL,Yes,Active,0
NXT-100019,2025-08-01,14,4.61,170.70,68.00,0.00,0.00,2.02,13.90,0.0273,71.30,76.20,74.10,36.50,5.99,10.00,2.74,35.23,1,0,0.00,1,0,0,No,,NULL,No,NULL,No,Active,0
NXT-100019,2025-09-01,15,6.65,259.20,61.00,0.00,0.00,5.74,46.40,0.0082,75.80,76.20,73.70,36.50,0.00,0.00,2.74,39.24,0,0,0.00,0,0,0,Yes,"AirLink Mobile",1.95,Yes,4.60,No,Active,0
NXT-100019,2025-10-01,16,12.70,83.60,143.00,0.00,0.00,2.21,82.60,0.0050,78.70,83.70,84.90,36.50,3.12,0.00,2.74,42.36,0,0,0.00,0,0,0,No,,NULL,No,NULL,No,Active,0
NXT-100019,2025-11-01,17,10.48,245.70,81.00,0.00,0.00,3.17,14.70,0.0108,79.00,73.10,67.30,36.50,11.21,0.00,2.74,50.45,3,0,0.00,0,0,0,No,,NULL,No,NULL,No,Active,0
NXT-100019,2025-12-01,18,18.84,191.60,55.00,0.00,0.00,3.23,70.90,0.0194,76.90,74.20,67.10,36.50,9.25,0.00,2.74,48.49,3,0,0.00,1,0,1,No,,NULL,No,NULL,No,Active,0
NXT-100020,2024-05-01,0,16.08,234.30,63.00,0.00,0.00,0.50,43.40,0.0140,NULL,67.20,60.90,63.50,7.60,0.00,4.76,75.86,0,0,0.00,1,0,0,Yes,"Globacom Prime",-5.51,No,3.40,No,Active,0
NXT-100020,2024-06-01,1,9.47,289.00,175.00,0.00,0.00,3.82,11.70,0.0096,87.90,77.10,58.30,63.50,0.00,15.00,4.76,53.26,5,0,0.00,0,0,0,Yes,"Zenith Connect",11.72,Yes,3.70,No,Active,0
NXT-100020,2024-07-01,2,21.16,223.80,83.00,0.00,0.00,6.73,29.20,0.0034,94.30,75.40,52.90,63.50,0.00,0.00,4.76,68.26,1,0,0.00,0,0,1,Yes,"Globacom Prime",-10.72,No,3.30,Yes,Active,0
NXT-100020,2024-08-01,3,12.25,224.70,28.00,0.00,0.00,4.67,4.90,0.0414,71.80,59.20,43.60,63.50,7.43,0.00,4.76,75.69,11,0,0.00,1,0,0,Yes,"9Wave Telecom",-6.27,No,2.50,No,Active,0
NXT-100020,2024-09-01,4,2.16,312.40,172.00,0.00,0.00,2.30,30.80,0.0116,88.90,72.40,64.30,63.50,0.00,0.00,4.76,68.26,0,0,0.00,0,0,0,Yes,"9Wave Telecom",19.73,Yes,3.90,No,Active,0
NXT-100020,2024-10-01,5,9.26,109.90,0.00,0.00,0.00,1.29,86.20,0.0078,90.30,65.40,48.50,63.50,2.95,0.00,4.76,71.21,5,0,0.00,0,0,0,Yes,"Globacom Prime",6.21,Yes,4.70,No,Active,0
NXT-100020,2024-11-01,6,11.86,214.20,47.00,0.00,0.00,5.73,22.80,0.0213,85.80,81.60,57.60,63.50,0.00,0.00,4.76,68.26,0,0,0.00,0,0,0,Yes,"Zenith Connect",14.19,Yes,4.00,No,Active,0
NXT-100020,2024-12-01,7,22.57,170.60,197.00,0.00,0.00,3.92,21.00,0.0253,79.60,76.40,62.40,63.50,0.00,0.00,4.76,68.26,1,0,0.00,0,0,0,Yes,"Zenith Connect",14.33,No,3.50,No,Active,0
NXT-100020,2025-01-01,8,13.61,69.40,8.00,0.00,0.00,4.75,3.70,0.0136,88.20,65.70,49.00,63.50,0.00,0.00,4.76,68.26,20,0,0.00,0,0,0,Yes,"Zenith Connect",-7.37,Yes,3.70,No,Active,0
NXT-100020,2025-02-01,9,13.33,178.80,92.00,0.00,0.00,6.44,34.10,0.0112,87.30,74.80,60.40,63.50,0.28,0.00,4.76,68.54,2,0,0.00,0,0,0,Yes,"Globacom Prime",-6.29,Yes,2.70,No,Active,0
NXT-100020,2025-03-01,10,11.53,382.10,33.00,0.00,0.00,4.76,89.30,0.0110,89.60,80.10,50.30,63.50,0.00,0.00,4.76,68.26,7,0,0.00,1,0,0,Yes,"9Wave Telecom",19.04,No,3.20,No,Active,0
NXT-100020,2025-04-01,11,14.51,291.60,90.00,0.00,0.00,6.28,2.40,0.0104,85.90,77.00,59.30,63.50,2.10,0.00,4.76,70.36,0,0,0.00,0,0,0,Yes,"Zenith Connect",13.03,No,2.70,No,Active,0
NXT-100020,2025-05-01,12,18.53,292.70,94.00,0.00,0.00,4.35,27.80,0.0023,89.90,76.80,52.70,63.50,0.27,0.00,4.76,68.53,3,0,NULL,1,0,0,Yes,"Zenith Connect",19.01,No,4.40,No,Active,0
NXT-100020,2025-06-01,13,12.78,101.10,126.00,0.00,0.00,3.75,66.60,0.0094,86.30,75.90,58.50,63.50,0.00,10.00,4.76,58.26,0,0,0.00,0,0,0,Yes,MTN-X,17.17,Yes,4.50,No,Active,0
NXT-100020,2025-07-01,14,23.56,163.70,50.00,0.00,0.00,6.15,13.70,0.0055,90.10,69.10,55.90,63.50,2.92,0.00,4.76,71.18,2,0,0.00,0,0,0,Yes,"AirLink Mobile",-2.48,No,3.90,No,Active,0
NXT-100020,2025-08-01,15,10.35,148.80,43.00,0.00,0.00,3.38,5.20,0.0027,92.90,79.20,52.40,63.50,0.97,15.00,4.76,54.23,0,0,0.00,1,0,0,Yes,"Zenith Connect",15.44,No,3.90,No,Active,0
NXT-100020,2025-09-01,16,12.94,232.20,118.00,0.00,0.00,5.77,45.70,0.0322,77.90,70.40,67.20,63.50,3.99,0.00,4.76,72.25,4,0,0.00,0,0,1,Yes,"9Wave Telecom",3.99,No,2.60,No,Active,0
NXT-100020,2025-10-01,17,16.37,238.50,50.00,0.00,0.00,4.72,30.30,0.0264,81.20,73.80,61.30,63.50,7.21,15.00,4.76,60.47,3,0,0.00,0,0,0,Yes,"Globacom Prime",-10.97,Yes,4.50,No,Active,0
NXT-100020,2025-11-01,18,19.35,261.90,102.00,0.00,0.00,4.67,89.90,0.0132,90.30,75.60,65.80,63.50,0.02,0.00,4.76,68.28,3,0,0.00,1,0,0,Yes,"Globacom Prime",-5.41,No,4.20,No,Active,0
NXT-100020,2025-12-01,19,15.01,336.40,93.00,0.00,0.00,2.57,17.20,0.0145,82.90,59.80,50.40,63.50,0.00,0.00,4.76,68.26,1,0,0.00,0,0,1,Yes,"Zenith Connect",16.94,No,2.60,No,Active,0
NXT-100021,2023-04-01,0,18.35,381.40,0.00,0.00,5.90,4.11,19.60,0.0118,80.60,79.50,74.40,76.00,0.01,0.00,5.70,81.71,0,0,0.00,0,1,0,No,,NULL,No,NULL,No,Active,0
NXT-100021,2023-05-01,1,10.98,215.40,102.00,0.00,1.14,2.41,44.80,0.0317,78.50,83.00,79.10,76.00,5.36,0.00,5.70,87.06,0,0,0.00,0,0,1,No,,NULL,No,NULL,No,Active,0
NXT-100021,2023-06-01,2,12.26,165.30,128.00,0.00,0.00,2.20,69.00,0.0237,65.00,66.00,70.50,76.00,6.62,0.00,5.70,88.32,4,0,0.00,2,0,0,Yes,MTN-X,16.71,No,4.40,No,Active,0
NXT-100021,2023-07-01,3,16.35,151.80,90.00,0.00,3.32,1.99,55.60,0.0362,64.60,66.20,70.60,76.00,5.96,10.00,5.70,77.66,7,0,0.00,0,0,0,Yes,MTN-X,12.59,No,3.30,No,Active,0
NXT-100021,2023-08-01,4,11.72,314.00,83.00,0.00,11.30,5.51,65.40,0.0116,58.90,74.80,76.40,76.00,6.17,0.00,5.70,87.87,0,0,0.00,0,1,1,No,,NULL,No,NULL,No,Active,0
NXT-100021,2023-09-01,5,24.26,160.50,63.00,0.00,1.32,1.84,46.00,0.0210,68.10,76.50,90.10,76.00,6.88,0.00,5.70,NULL,0,0,0.00,0,0,0,No,,NULL,No,NULL,No,Active,0
NXT-100021,2023-10-01,6,23.93,91.40,0.00,0.00,4.12,4.09,67.10,0.0099,60.20,74.90,78.90,76.00,3.19,0.00,5.70,84.89,4,0,0.00,0,0,0,No,,NULL,No,NULL,No,Active,0
NXT-100021,2023-11-01,7,7.40,282.60,123.00,0.00,5.27,6.11,40.80,0.0326,64.00,73.10,79.00,76.00,5.49,0.00,5.70,87.19,8,0,0.00,0,0,0,No,,NULL,No,NULL,No,Active,0
NXT-100021,2023-12-01,8,7.44,326.10,3.00,0.00,7.06,6.58,1.50,0.0325,65.30,71.10,84.40,76.00,2.85,0.00,5.70,84.55,6,0,0.00,0,1,1,Yes,MTN-X,15.04,No,3.30,No,Active,0
NXT-100021,2024-01-01,9,8.05,248.90,128.00,0.00,0.00,0.50,99.30,0.0473,48.50,58.50,66.40,76.00,0.00,0.00,5.70,81.70,0,0,0.00,1,4,0,No,,NULL,No,NULL,No,Active,0
NXT-100021,2024-02-01,10,20.71,209.00,11.00,0.00,0.00,4.07,19.00,0.0375,66.50,76.50,74.30,76.00,0.00,0.00,5.70,81.70,2,0,0.00,2,1,1,Yes,"9Wave Telecom",NULL,No,4.10,No,Churned,0
NXT-100022,2024-09-01,0,16.64,276.10,136.00,0.00,0.00,5.01,75.10,0.0149,90.00,90.00,89.20,70.00,2.28,15.00,5.25,62.53,0,0,0.00,0,1,0,Yes,"AirLink Mobile",-2.94,No,2.60,No,Active,0
NXT-100022,2024-10-01,1,13.75,111.40,5.00,0.00,0.00,6.79,6.50,0.0126,86.50,92.30,86.60,70.00,0.00,0.00,5.25,75.25,5,0,0.00,0,1,0,Yes,MTN-X,-9.33,No,3.50,No,Active,0
NXT-100022,2024-11-01,2,20.09,234.00,208.00,0.00,0.00,3.82,7.30,0.0064,90.10,92.80,94.00,70.00,0.00,0.00,5.25,75.25,2,0,0.00,1,0,0,Yes,"Zenith Connect",13.09,No,3.30,No,Active,0
NXT-100022,2024-12-01,3,8.77,0.00,31.00,0.00,0.00,5.43,35.80,0.0314,76.90,81.30,88.00,70.00,2.59,0.00,5.25,77.84,0,0,0.00,0,0,0,Yes,MTN-X,-3.10,No,3.30,No,Active,0
NXT-100022,2025-01-01,4,20.26,329.40,86.00,0.00,0.00,3.19,58.00,0.0143,82.60,87.00,88.60,70.00,0.00,15.00,5.25,60.25,1,0,0.00,0,0,0,Yes,"Globacom Prime",16.40,No,4.60,No,Active,0
NXT-100022,2025-02-01,5,11.23,282.00,65.00,0.00,0.00,4.73,16.30,0.0187,83.00,80.00,93.50,70.00,0.00,0.00,5.25,75.25,0,0,0.00,0,0,0,Yes,"9Wave Telecom",-9.09,No,4.80,No,Active,0
NXT-100022,2025-03-01,6,20.38,249.20,123.00,0.00,0.00,6.30,15.40,0.0015,94.40,95.50,93.50,70.00,15.08,0.00,5.25,90.33,2,0,0.00,0,1,0,Yes,"Zenith Connect",-3.93,No,3.60,No,Active,0
NXT-100022,2025-04-01,7,10.09,330.30,70.00,0.00,0.00,5.84,9.00,0.0194,84.00,90.90,93.70,70.00,5.20,0.00,5.25,80.45,0,0,0.00,0,0,0,Yes,"9Wave Telecom",-2.68,No,4.70,No,Active,0
NXT-100022,2025-05-01,8,18.37,220.50,27.00,0.00,0.00,5.96,6.50,0.0341,76.50,86.70,90.40,70.00,6.18,0.00,5.25,81.43,0,0,0.00,2,1,0,Yes,"Zenith Connect",7.13,No,4.70,No,Active,0
NXT-100022,2025-06-01,9,8.25,64.90,135.00,0.00,0.00,3.52,15.40,0.0139,87.00,82.80,90.90,70.00,0.00,0.00,5.25,75.25,0,0,0.00,0,0,0,Yes,MTN-X,-6.04,No,3.10,Yes,Active,0
NXT-100022,2025-07-01,10,9.12,70.10,93.00,0.00,0.00,4.98,1.10,0.0088,84.60,88.90,84.00,70.00,0.00,0.00,5.25,75.25,3,0,0.00,1,0,0,Yes,"AirLink Mobile",6.98,No,3.70,No,Active,0
NXT-100022,2025-08-01,11,16.40,292.30,81.00,0.00,0.00,6.53,131.10,0.0107,84.70,97.30,100.00,70.00,8.06,0.00,5.25,83.31,4,0,0.00,1,0,0,Yes,"9Wave Telecom",-1.62,Yes,4.10,No,Active,0
NXT-100022,2025-09-01,12,24.45,128.10,57.00,0.00,0.00,7.39,25.50,0.0148,88.70,93.30,97.90,70.00,0.00,15.00,5.25,60.25,1,0,0.00,0,0,0,Yes,"Globacom Prime",15.24,No,3.50,Yes,Active,0
NXT-100022,2025-10-01,13,13.51,220.00,190.00,0.00,0.00,5.50,20.40,0.0129,86.50,96.80,96.80,70.00,6.73,0.00,5.25,81.98,0,0,0.00,0,0,0,Yes,"Zenith Connect",5.22,Yes,2.60,No,Active,0
NXT-100022,2025-11-01,14,13.18,171.90,84.00,0.00,0.00,4.78,0.30,0.0138,89.50,97.60,94.80,70.00,10.26,0.00,5.25,85.51,0,0,0.00,0,0,0,Yes,"Globacom Prime",13.93,Yes,NULL,No,Active,0
NXT-100022,2025-12-01,15,9.37,202.80,114.00,0.00,0.00,1.20,34.50,0.0049,81.70,84.90,97.20,70.00,0.43,0.00,5.25,75.68,0,0,0.00,3,0,1,Yes,"AirLink Mobile",14.58,No,3.90,No,Active,0
NXT-100023,2023-04-01,0,15.38,212.60,160.00,7.00,0.00,2.04,50.50,0.0133,57.10,65.70,69.90,99.50,12.83,0.00,7.46,119.79,4,0,0.00,1,0,0,Yes,"AirLink Mobile",13.87,No,4.30,No,Active,0
NXT-100023,2023-05-01,1,20.34,294.80,216.00,12.50,0.00,2.73,80.40,0.0113,51.20,69.10,64.30,99.50,6.74,0.00,7.46,113.70,1,0,0.00,0,0,0,Yes,"9Wave Telecom",10.22,Yes,3.70,No,Active,0
NXT-100023,2023-06-01,2,4.31,270.50,11.00,38.50,0.00,3.05,202.20,0.0478,57.40,68.20,70.80,99.50,10.39,0.00,7.46,117.35,0,0,0.00,0,0,0,Yes,"9Wave Telecom",-8.60,No,3.50,No,Active,0
NXT-100023,2023-07-01,3,17.12,77.30,18.00,11.00,0.00,7.06,145.50,0.0447,65.60,75.40,68.90,99.50,4.40,0.00,7.46,111.36,2,0,0.00,0,0,0,Yes,"AirLink Mobile",-13.75,Yes,3.20,No,Active,0
NXT-100023,2023-08-01,4,9.56,103.80,155.00,0.00,0.00,3.03,105.80,0.0583,54.30,61.90,NULL,99.50,4.68,0.00,7.46,111.64,0,0,0.00,0,0,1,Yes,"9Wave Telecom",-4.97,No,2.60,No,Active,0
NXT-100023,2023-09-01,5,25.67,84.10,68.00,0.00,0.00,5.48,13.80,0.0419,65.30,66.90,NULL,99.50,5.71,0.00,7.46,112.67,0,0,0.00,0,0,0,Yes,MTN-X,19.37,No,3.60,No,Active,0
NXT-100023,2023-10-01,6,4.66,268.00,149.00,10.00,0.00,5.46,20.50,0.0191,57.30,61.00,60.90,99.50,0.00,0.00,7.46,106.96,1,0,0.00,0,0,0,Yes,MTN-X,-1.14,Yes,4.20,No,Active,0
NXT-100023,2023-11-01,7,10.99,304.30,92.00,0.00,0.00,3.76,42.80,0.0614,59.00,68.20,71.00,99.50,1.50,10.00,7.46,98.46,1,0,0.00,1,0,0,Yes,MTN-X,0.18,Yes,4.00,No,Active,0
NXT-100023,2023-12-01,8,16.10,142.20,0.00,18.10,0.00,0.50,6.50,0.0398,67.20,72.60,79.30,99.50,0.42,0.00,7.46,107.38,4,0,NULL,0,1,0,Yes,"AirLink Mobile",16.84,No,3.30,No,Active,0
NXT-100023,2024-01-01,9,10.96,174.30,174.00,0.80,0.00,5.36,106.50,0.0136,60.40,68.80,69.90,99.50,2.45,0.00,7.46,109.41,3,0,0.00,0,1,0,Yes,"Globacom Prime",13.09,No,2.60,No,Active,0
NXT-100023,2024-02-01,10,18.91,88.30,39.00,29.90,0.00,5.08,44.80,0.0353,56.50,58.70,60.30,99.50,4.75,0.00,7.46,111.71,0,0,0.00,0,1,0,Yes,"AirLink Mobile",7.12,Yes,3.60,No,Active,0
NXT-100023,2024-03-01,11,9.71,226.10,32.00,0.00,0.00,6.31,73.40,0.0568,NULL,67.90,66.80,99.50,3.89,0.00,7.46,110.85,0,0,0.00,0,0,0,Yes,MTN-X,7.68,No,3.10,No,Active,0
NXT-100023,2024-04-01,12,17.60,155.40,12.00,15.00,0.00,5.41,117.30,0.0133,56.80,57.70,NULL,99.50,0.00,0.00,7.46,106.96,3,0,0.00,0,0,0,Yes,"AirLink Mobile",-3.07,No,2.50,No,Active,0
NXT-100023,2024-05-01,13,8.58,256.60,69.00,0.00,0.00,4.77,46.30,0.0456,65.70,72.30,NULL,99.50,5.01,0.00,7.46,111.97,1,0,0.00,0,0,0,Yes,"Globacom Prime",-9.78,No,2.70,No,Active,0
NXT-100023,2024-06-01,14,21.57,296.40,125.00,18.40,0.00,3.23,5.10,0.0392,57.40,71.00,76.20,99.50,6.17,0.00,7.46,113.13,1,0,0.00,0,0,0,Yes,MTN-X,-7.78,No,3.50,No,Active,0
NXT-100023,2024-07-01,15,10.68,310.20,95.00,7.30,0.00,7.56,93.50,0.0134,47.00,63.20,76.30,99.50,5.11,0.00,7.46,112.07,1,0,0.00,0,2,0,Yes,MTN-X,NULL,Yes,3.00,No,active,0
NXT-100023,2024-08-01,16,13.07,242.50,82.00,0.00,0.00,1.48,2.10,0.0599,NULL,52.80,68.40,99.50,6.75,0.00,7.46,113.71,1,0,0.00,0,0,0,Yes,"Zenith Connect",-10.34,No,3.20,No,Active,0
NXT-100023,2024-09-01,17,8.66,108.00,4.00,7.50,0.00,3.77,28.80,0.0315,54.70,56.90,61.70,99.50,9.59,0.00,7.46,116.55,4,0,0.00,1,0,0,Yes,"9Wave Telecom",-8.88,No,4.30,No,Active,0
NXT-100023,2024-10-01,18,24.32,231.90,76.00,31.70,0.00,3.74,273.40,0.0473,62.80,63.40,68.20,99.50,6.55,0.00,7.46,113.51,0,0,0.00,0,0,1,Yes,"AirLink Mobile",-12.02,No,4.00,No,Active,0
NXT-100023,2024-11-01,19,6.22,196.40,102.00,7.60,0.00,6.79,20.30,0.0382,58.90,63.10,71.00,99.50,10.74,0.00,7.46,117.70,1,0,0.00,1,0,0,Yes,MTN-X,3.00,Yes,3.20,No,Active,0
NXT-100023,2024-12-01,20,9.77,322.10,68.00,0.00,0.00,2.97,87.60,0.0454,49.90,46.80,63.40,99.50,13.53,0.00,7.46,120.49,0,0,0.00,0,0,0,Yes,"Globacom Prime",-11.44,No,3.90,No,Active,0
NXT-100023,2025-01-01,21,17.83,174.00,88.00,29.60,0.00,3.78,61.40,0.0632,54.90,49.40,57.40,99.50,6.92,0.00,7.46,113.88,0,0,0.00,0,0,0,Yes,"9Wave Telecom",15.53,No,4.40,No,Active,0
NXT-100023,2025-02-01,22,17.40,151.20,139.00,6.80,0.00,2.21,25.70,0.0444,54.90,59.80,71.50,99.50,9.75,0.00,7.46,116.71,1,0,0.00,1,0,0,Yes,MTN-X,7.56,No,4.00,No,Active,0
NXT-100023,2025-03-01,23,17.63,256.40,59.00,2.10,0.00,4.09,37.00,0.0323,58.80,67.60,71.10,99.50,0.00,0.00,7.46,106.96,1,0,0.00,0,0,0,Yes,"Zenith Connect",-6.88,No,4.80,No,Active,0
NXT-100023,2025-04-01,24,7.60,163.30,100.00,39.20,0.00,3.52,26.00,0.0585,52.30,56.10,63.70,99.50,7.68,0.00,7.46,114.64,8,0,0.00,0,0,0,Yes,"Zenith Connect",14.03,No,4.20,No,Active,0
NXT-100023,2025-05-01,25,13.84,299.00,145.00,0.00,0.00,4.69,36.70,0.0204,64.50,75.20,69.20,99.50,9.07,0.00,7.46,116.03,4,0,0.00,0,1,0,Yes,"9Wave Telecom",NULL,No,NULL,No,Active,0
NXT-100023,2025-06-01,26,21.06,179.60,101.00,5.10,0.00,5.32,6.60,0.0417,55.40,58.70,58.30,99.50,1.90,0.00,7.46,108.86,0,0,0.00,1,0,0,Yes,MTN-X,13.63,No,2.70,No,Active,0
NXT-100023,2025-07-01,27,17.68,161.00,86.00,59.70,0.00,0.50,20.50,0.0363,56.20,59.90,68.10,99.50,0.66,0.00,7.46,107.62,0,0,0.00,0,0,0,Yes,"AirLink Mobile",11.62,No,2.50,No,Active,0
NXT-100023,2025-08-01,28,2.91,266.00,26.00,40.60,0.00,6.01,12.20,0.0397,52.90,63.50,69.30,99.50,7.14,0.00,7.46,114.10,3,0,0.00,0,1,0,Yes,"Globacom Prime",16.48,No,3.10,No,Active,0
NXT-100023,2025-09-01,29,10.97,81.30,83.00,0.00,0.00,4.53,90.50,0.0465,62.40,64.60,57.00,99.50,12.63,0.00,7.46,119.59,0,0,0.00,0,0,1,Yes,"Globacom Prime",-9.29,No,4.80,No,Active,0
NXT-100023,2025-10-01,30,8.89,34.70,51.00,0.00,0.00,2.53,20.40,0.0556,57.30,65.80,71.50,99.50,0.00,0.00,7.46,106.96,4,0,0.00,0,0,0,Yes,"Globacom Prime",9.49,No,2.60,No,Active,0
NXT-100023,2025-11-01,31,12.84,113.70,117.00,20.10,0.00,4.25,50.00,0.0167,51.50,49.90,57.20,99.50,9.23,0.00,7.46,116.19,0,0,0.00,0,0,0,Yes,"9Wave Telecom",10.78,No,2.80,No,Active,0
NXT-100023,2025-12-01,32,6.94,81.00,66.00,16.50,0.00,4.50,106.40,0.0530,NULL,63.10,63.10,99.50,0.00,0.00,7.46,106.96,1,0,0.00,0,0,1,Yes,"Globacom Prime",-14.77,No,3.70,No,Active,0
NXT-100024,2024-02-01,0,10.66,237.00,177.00,0.00,0.00,4.93,69.50,0.0268,70.70,61.20,74.70,44.50,0.24,0.00,3.34,48.08,0,0,0.00,1,0,0,Yes,"9Wave Telecom",-2.63,No,3.90,No,Active,0
NXT-100024,2024-03-01,1,2.25,111.30,76.00,0.00,0.00,4.80,121.40,0.0127,64.70,63.00,63.90,44.50,7.10,0.00,3.34,54.94,0,0,0.00,0,0,0,Yes,"Globacom Prime",14.74,Yes,4.10,No,Active,0
NXT-100024,2024-04-01,2,13.69,80.80,110.00,0.00,0.00,5.27,60.80,0.0232,79.40,84.10,64.30,44.50,3.46,0.00,3.34,51.30,3,0,0.00,0,0,0,Yes,"AirLink Mobile",10.07,No,2.60,No,Active,0
NXT-100024,2024-05-01,3,9.41,12.70,88.00,0.00,0.00,4.48,21.40,0.0356,75.20,76.00,67.20,44.50,6.72,0.00,3.34,54.56,1,0,0.00,1,0,0,Yes,"9Wave Telecom",10.30,No,4.40,Yes,Active,0
NXT-100024,2024-06-01,4,8.55,56.70,23.00,0.00,0.00,1.89,19.20,0.0136,75.60,69.00,58.60,44.50,0.48,0.00,3.34,48.32,1,0,0.00,0,1,0,Yes,"Globacom Prime",-4.08,Yes,4.20,No,Active,0
NXT-100024,2024-07-01,5,4.82,308.60,0.00,0.00,0.00,5.71,38.50,0.0388,72.90,71.90,NULL,44.50,2.51,0.00,3.34,50.35,3,0,0.00,0,0,0,Yes,"Zenith Connect",10.91,Yes,3.90,No,Active,0
